VTX, IDX, SV_POSITION.x, SV_POSITION.y, SV_POSITION.z, SV_POSITION.w, NORMAL.x, NORMAL.y, NORMAL.z, TANGENT.x, TANGENT.y, TANGENT.z, TEXCOORD.x, TEXCOORD.y, POSITION.x, POSITION.y, POSITION.z
0, 3, -9.21572, -1.77129, 45.41373, 45.42369, -0.01, -1.37305E-16, 8.42775E-10, 1.33108E-16, -0.01, -4.98116E-11, 0.57719, 0.93306, 2.24765, 0.05073, 10.3027
1, 2, -9.21572, -0.76185, 45.40441, 45.41436, -0.01, -1.37305E-16, 8.42775E-10, 1.29273E-16, -0.01, -9.53119E-11, 0.57715, 0.93306, 2.24765, 0.6336, 10.3027
2, 1, -8.89081, -0.77589, 44.89767, 44.90762, -0.01, -1.37305E-16, 8.42775E-10, 1.33108E-16, -0.01, -4.98116E-11, 0.57715, 0.93302, 2.24765, 0.6336, 9.69601
3, 3, -9.21572, -1.77129, 45.41373, 45.42369, -0.01, -1.37305E-16, 8.42775E-10, 1.33108E-16, -0.01, -4.98116E-11, 0.57719, 0.93306, 2.24765, 0.05073, 10.3027
4, 1, -8.89081, -0.77589, 44.89767, 44.90762, -0.01, -1.37305E-16, 8.42775E-10, 1.33108E-16, -0.01, -4.98116E-11, 0.57715, 0.93302, 2.24765, 0.6336, 9.69601
5, 0, -8.89081, -1.78533, 44.90699, 44.91695, -0.01, -1.37305E-16, 8.42775E-10, 1.33108E-16, -0.01, -4.98116E-11, 0.57719, 0.93302, 2.24765, 0.05073, 9.69601
6, 7, -7.9845, -1.74824, 46.2452, 46.25515, 0.00, 6.07203E-11, 0.01, 0.00, -0.01, 6.07204E-11, 0.57719, 0.9331, 3.76044, 0.05073, 10.3027
7, 6, -7.9845, -0.7388, 46.23587, 46.24583, 0.00, 6.07203E-11, 0.01, 0.00, -0.01, 6.07204E-11, 0.57715, 0.9331, 3.76044, 0.6336, 10.3027
8, 5, -9.21572, -0.76185, 45.40441, 45.41436, 0.00, 6.07203E-11, 0.01, 0.00, -0.01, 6.07204E-11, 0.57715, 0.93306, 2.24765, 0.6336, 10.3027
9, 7, -7.9845, -1.74824, 46.2452, 46.25515, 0.00, 6.07203E-11, 0.01, 0.00, -0.01, 6.07204E-11, 0.57719, 0.9331, 3.76044, 0.05073, 10.3027
10, 5, -9.21572, -0.76185, 45.40441, 45.41436, 0.00, 6.07203E-11, 0.01, 0.00, -0.01, 6.07204E-11, 0.57715, 0.93306, 2.24765, 0.6336, 10.3027
11, 4, -9.21572, -1.77129, 45.41373, 45.42369, 0.00, 6.07203E-11, 0.01, 0.00, -0.01, 6.07204E-11, 0.57719, 0.93306, 2.24765, 0.05073, 10.3027
12, 11, -7.65958, -1.76229, 45.73846, 45.74841, 0.01, -1.37305E-16, 8.42775E-10, -1.32907E-16, -0.01, -5.21904E-11, 0.57719, 0.93314, 3.76044, 0.05073, 9.69601
13, 10, -7.65958, -0.75285, 45.72913, 45.73909, 0.01, -1.37305E-16, 8.42775E-10, -1.29273E-16, -0.01, -9.53119E-11, 0.57715, 0.93314, 3.76044, 0.6336, 9.69601
14, 9, -7.9845, -0.7388, 46.23587, 46.24583, 0.01, -1.37305E-16, 8.42775E-10, -1.32907E-16, -0.01, -5.21904E-11, 0.57715, 0.9331, 3.76044, 0.6336, 10.3027
15, 11, -7.65958, -1.76229, 45.73846, 45.74841, 0.01, -1.37305E-16, 8.42775E-10, -1.32907E-16, -0.01, -5.21904E-11, 0.57719, 0.93314, 3.76044, 0.05073, 9.69601
16, 9, -7.9845, -0.7388, 46.23587, 46.24583, 0.01, -1.37305E-16, 8.42775E-10, -1.32907E-16, -0.01, -5.21904E-11, 0.57715, 0.9331, 3.76044, 0.6336, 10.3027
17, 8, -7.9845, -1.74824, 46.2452, 46.25515, 0.01, -1.37305E-16, 8.42775E-10, -1.32907E-16, -0.01, -5.21904E-11, 0.57719, 0.9331, 3.76044, 0.05073, 10.3027
18, 15, -8.89081, -1.78533, 44.90699, 44.91695, 0.00, 2.77265E-10, -0.01, 0.00, -0.01, -2.77265E-10, 0.57719, 0.93318, 2.24765, 0.05073, 9.69601
19, 14, -8.89081, -0.77589, 44.89767, 44.90762, 0.00, 2.77265E-10, -0.01, 0.00, -0.01, -2.77265E-10, 0.57715, 0.93318, 2.24765, 0.6336, 9.69601
20, 13, -7.65958, -0.75285, 45.72913, 45.73909, 0.00, 2.77265E-10, -0.01, 0.00, -0.01, -2.77265E-10, 0.57715, 0.93314, 3.76044, 0.6336, 9.69601
21, 15, -8.89081, -1.78533, 44.90699, 44.91695, 0.00, 2.77265E-10, -0.01, 0.00, -0.01, -2.77265E-10, 0.57719, 0.93318, 2.24765, 0.05073, 9.69601
22, 13, -7.65958, -0.75285, 45.72913, 45.73909, 0.00, 2.77265E-10, -0.01, 0.00, -0.01, -2.77265E-10, 0.57715, 0.93314, 3.76044, 0.6336, 9.69601
23, 12, -7.65958, -1.76229, 45.73846, 45.74841, 0.00, 2.77265E-10, -0.01, 0.00, -0.01, -2.77265E-10, 0.57719, 0.93314, 3.76044, 0.05073, 9.69601
24, 19, -8.89081, -1.78533, 44.90699, 44.91695, 0.00, -0.01, -3.26997E-11, -0.01, 0.00, 0.00, 0.57723, 0.93314, 2.24765, 0.05073, 9.69601
25, 18, -7.65958, -1.76229, 45.73846, 45.74841, 0.00, -0.01, -3.26997E-11, -0.01, 0.00, 0.00, 0.57719, 0.93314, 3.76044, 0.05073, 9.69601
26, 17, -7.9845, -1.74824, 46.2452, 46.25515, 0.00, -0.01, -3.26997E-11, -0.01, 0.00, 0.00, 0.57719, 0.9331, 3.76044, 0.05073, 10.3027
27, 19, -8.89081, -1.78533, 44.90699, 44.91695, 0.00, -0.01, -3.26997E-11, -0.01, 0.00, 0.00, 0.57723, 0.93314, 2.24765, 0.05073, 9.69601
28, 17, -7.9845, -1.74824, 46.2452, 46.25515, 0.00, -0.01, -3.26997E-11, -0.01, 0.00, 0.00, 0.57719, 0.9331, 3.76044, 0.05073, 10.3027
29, 16, -9.21572, -1.77129, 45.41373, 45.42369, 0.00, -0.01, -3.26997E-11, -0.01, 0.00, 0.00, 0.57723, 0.9331, 2.24765, 0.05073, 10.3027
30, 23, -7.65958, -0.75285, 45.72913, 45.73909, 0.00, 0.01, -3.35725E-10, 0.01, 0.00, 0.00, 0.57715, 0.93314, 3.76044, 0.6336, 9.69601
31, 22, -8.89081, -0.77589, 44.89767, 44.90762, 0.00, 0.01, -3.35725E-10, 0.01, 0.00, 0.00, 0.57711, 0.93314, 2.24765, 0.6336, 9.69601
32, 21, -9.21572, -0.76185, 45.40441, 45.41436, 0.00, 0.01, -3.35725E-10, 0.01, 0.00, 0.00, 0.57711, 0.9331, 2.24765, 0.6336, 10.3027
33, 23, -7.65958, -0.75285, 45.72913, 45.73909, 0.00, 0.01, -3.35725E-10, 0.01, 0.00, 0.00, 0.57715, 0.93314, 3.76044, 0.6336, 9.69601
34, 21, -9.21572, -0.76185, 45.40441, 45.41436, 0.00, 0.01, -3.35725E-10, 0.01, 0.00, 0.00, 0.57711, 0.9331, 2.24765, 0.6336, 10.3027
35, 20, -7.9845, -0.7388, 46.23587, 46.24583, 0.00, 0.01, -3.35725E-10, 0.01, 0.00, 0.00, 0.57715, 0.9331, 3.76044, 0.6336, 10.3027
36, 27, -7.7113, -1.6503, 45.65601, 45.66597, 0.00, 0.01, 1.04978E-10, 0.00, -1.04978E-10, 0.01, 0.56301, 0.96149, 3.67135, 0.1167, 9.65719
37, 26, -8.79751, -1.67063, 44.92247, 44.93243, 0.00, 0.01, 1.04978E-10, -0.0089, -4.78989E-11, 0.00456, 0.56301, 0.96152, 2.33674, 0.1167, 9.65719
38, 25, -9.16401, -1.65479, 45.49407, 45.50402, 0.00, 0.01, 1.04978E-10, 0.00, -1.04978E-10, 0.01, 0.56301, 0.96141, 2.33674, 0.1167, 10.34152
39, 27, -7.7113, -1.6503, 45.65601, 45.66597, 0.00, 0.01, 1.04978E-10, 0.00, -1.04978E-10, 0.01, 0.56301, 0.96149, 3.67135, 0.1167, 9.65719
40, 25, -9.16401, -1.65479, 45.49407, 45.50402, 0.00, 0.01, 1.04978E-10, 0.00, -1.04978E-10, 0.01, 0.56301, 0.96141, 2.33674, 0.1167, 10.34152
41, 24, -8.0778, -1.63446, 46.22761, 46.23756, 0.00, 0.01, 1.04978E-10, 0.00, -1.04978E-10, 0.01, 0.56301, 0.96144, 3.67135, 0.1167, 10.34152
42, 31, -8.79751, -0.88968, 44.91526, 44.92521, 0.00, -0.01, 1.12768E-10, 0.00, 1.12768E-10, 0.01, 0.56298, 0.96152, 2.33674, 0.56764, 9.65719
43, 30, -7.7113, -0.86935, 45.6488, 45.65875, 0.00, -0.01, 1.12768E-10, 0.0089, 5.14532E-11, 0.00456, 0.56298, 0.96149, 3.67135, 0.56764, 9.65719
44, 29, -8.0778, -0.85351, 46.22039, 46.23035, 0.00, -0.01, 1.12768E-10, 0.00, 1.12768E-10, 0.01, 0.56298, 0.96144, 3.67135, 0.56764, 10.34152
45, 31, -8.79751, -0.88968, 44.91526, 44.92521, 0.00, -0.01, 1.12768E-10, 0.00, 1.12768E-10, 0.01, 0.56298, 0.96152, 2.33674, 0.56764, 9.65719
46, 29, -8.0778, -0.85351, 46.22039, 46.23035, 0.00, -0.01, 1.12768E-10, 0.00, 1.12768E-10, 0.01, 0.56298, 0.96144, 3.67135, 0.56764, 10.34152
47, 28, -9.16401, -0.87384, 45.48685, 45.49681, 0.00, -0.01, 1.12768E-10, 0.00, 1.12768E-10, 0.01, 0.56298, 0.96141, 2.33674, 0.56764, 10.34152
48, 35, -9.16401, -1.65479, 45.49407, 45.50402, 0.01, 1.04544E-16, -6.41685E-10, 8.48176E-17, -0.01, -3.07412E-10, 0.56301, 0.96141, 2.33674, 0.1167, 10.34152
49, 34, -8.79751, -1.67063, 44.92247, 44.93243, 0.01, 1.04544E-16, -6.41685E-10, 0.00, -0.01, -1.62921E-09, 0.56301, 0.96152, 2.33674, 0.1167, 9.65719
50, 33, -8.79751, -0.88968, 44.91526, 44.92521, 0.01, 1.04544E-16, -6.41685E-10, 8.48176E-17, -0.01, -3.07412E-10, 0.56298, 0.96152, 2.33674, 0.56764, 9.65719
51, 35, -9.16401, -1.65479, 45.49407, 45.50402, 0.01, 1.04544E-16, -6.41685E-10, 8.48176E-17, -0.01, -3.07412E-10, 0.56301, 0.96141, 2.33674, 0.1167, 10.34152
52, 33, -8.79751, -0.88968, 44.91526, 44.92521, 0.01, 1.04544E-16, -6.41685E-10, 8.48176E-17, -0.01, -3.07412E-10, 0.56298, 0.96152, 2.33674, 0.56764, 9.65719
53, 32, -9.16401, -0.87384, 45.48685, 45.49681, 0.01, 1.04544E-16, -6.41685E-10, 8.48176E-17, -0.01, -3.07412E-10, 0.56298, 0.96141, 2.33674, 0.56764, 10.34152
54, 39, -9.19649, -0.87832, 45.32524, 45.3352, 0.00, -5.67486E-11, -0.01, 0.00, -0.01, 5.67487E-11, 0.56298, 0.9614, 2.22004, 0.56764, 10.22482
55, 38, -7.92032, -0.85443, 46.18706, 46.19701, 0.00, -5.67486E-11, -0.01, 0.00, -0.01, 5.67487E-11, 0.56298, 0.96145, 3.78805, 0.56764, 10.22482
56, 37, -7.92032, -1.63538, 46.19427, 46.20423, 0.00, -5.67486E-11, -0.01, 0.00, -0.01, 5.67487E-11, 0.56301, 0.96145, 3.78805, 0.1167, 10.22482
57, 39, -9.19649, -0.87832, 45.32524, 45.3352, 0.00, -5.67486E-11, -0.01, 0.00, -0.01, 5.67487E-11, 0.56298, 0.9614, 2.22004, 0.56764, 10.22482
58, 37, -7.92032, -1.63538, 46.19427, 46.20423, 0.00, -5.67486E-11, -0.01, 0.00, -0.01, 5.67487E-11, 0.56301, 0.96145, 3.78805, 0.1167, 10.22482
59, 36, -9.19649, -1.65927, 45.33245, 45.34241, 0.00, -5.67486E-11, -0.01, 0.00, -0.01, 5.67487E-11, 0.56301, 0.9614, 2.22004, 0.1167, 10.22482
60, 43, -7.67882, -1.64582, 45.81763, 45.82758, 0.00, 5.67486E-11, 0.01, 0.00, -0.01, 5.67488E-11, 0.56301, 0.96148, 3.78805, 0.1167, 9.77388
61, 42, -7.67882, -0.86487, 45.81041, 45.82037, 0.00, 5.67486E-11, 0.01, 0.00, -0.01, 5.67488E-11, 0.56298, 0.96148, 3.78805, 0.56764, 9.77388
62, 41, -8.95498, -0.88876, 44.94859, 44.95855, 0.00, 5.67486E-11, 0.01, 0.00, -0.01, 5.67488E-11, 0.56298, 0.96137, 2.22004, 0.56764, 9.77388
63, 43, -7.67882, -1.64582, 45.81763, 45.82758, 0.00, 5.67486E-11, 0.01, 0.00, -0.01, 5.67488E-11, 0.56301, 0.96148, 3.78805, 0.1167, 9.77388
64, 41, -8.95498, -0.88876, 44.94859, 44.95855, 0.00, 5.67486E-11, 0.01, 0.00, -0.01, 5.67488E-11, 0.56298, 0.96137, 2.22004, 0.56764, 9.77388
65, 40, -8.95498, -1.6697, 44.95581, 44.96576, 0.00, 5.67486E-11, 0.01, 0.00, -0.01, 5.67488E-11, 0.56301, 0.96137, 2.22004, 0.1167, 9.77388
66, 47, -8.0778, -0.85351, 46.22039, 46.23035, -0.01, 1.05297E-16, -6.46310E-10, -8.54289E-17, -0.01, -3.07412E-10, 0.56298, 0.96144, 3.67135, 0.56764, 10.34152
67, 46, -7.7113, -0.86935, 45.6488, 45.65875, -0.01, 1.05297E-16, -6.46310E-10, -1.14802E-16, -0.01, 1.47063E-10, 0.56298, 0.96149, 3.67135, 0.56764, 9.65719
68, 45, -7.7113, -1.6503, 45.65601, 45.66597, -0.01, 1.05297E-16, -6.46310E-10, -8.54289E-17, -0.01, -3.07412E-10, 0.56301, 0.96149, 3.67135, 0.1167, 9.65719
69, 47, -8.0778, -0.85351, 46.22039, 46.23035, -0.01, 1.05297E-16, -6.46310E-10, -8.54289E-17, -0.01, -3.07412E-10, 0.56298, 0.96144, 3.67135, 0.56764, 10.34152
70, 45, -7.7113, -1.6503, 45.65601, 45.66597, -0.01, 1.05297E-16, -6.46310E-10, -8.54289E-17, -0.01, -3.07412E-10, 0.56301, 0.96149, 3.67135, 0.1167, 9.65719
71, 44, -8.0778, -1.63446, 46.22761, 46.23756, -0.01, 1.05297E-16, -6.46310E-10, -8.54289E-17, -0.01, -3.07412E-10, 0.56301, 0.96144, 3.67135, 0.1167, 10.34152
72, 51, -8.95498, -1.6697, 44.95581, 44.96576, -0.01, 1.06281E-16, -6.52348E-10, 1.75984E-13, -0.01, -2.69934E-06, 0.56301, 0.96137, 2.22004, 0.1167, 9.77388
73, 50, -8.95498, -0.88876, 44.94859, 44.95855, -0.01, -4.17782E-17, 2.56433E-10, 4.56616E-14, -0.01, 1.77901E-06, 0.56298, 0.96137, 2.22004, 0.56764, 9.77388
74, 49, -8.89248, -0.68936, 44.84925, 44.85921, -0.01, -4.17783E-17, 2.56433E-10, 4.56629E-14, -0.01, 1.77906E-06, 0.56298, 0.96137, 2.22004, 0.68433, 9.65719
75, 51, -8.95498, -1.6697, 44.95581, 44.96576, -0.01, 1.06281E-16, -6.52348E-10, 1.75984E-13, -0.01, -2.69934E-06, 0.56301, 0.96137, 2.22004, 0.1167, 9.77388
76, 49, -8.89248, -0.68936, 44.84925, 44.85921, -0.01, -4.17783E-17, 2.56433E-10, 4.56629E-14, -0.01, 1.77906E-06, 0.56298, 0.96137, 2.22004, 0.68433, 9.65719
77, 48, -8.89248, -1.87451, 44.8602, 44.87016, -0.01, 1.06281E-16, -6.52349E-10, -1.16163E-13, -0.01, 1.77906E-06, 0.56302, 0.96137, 2.22004, 0.00, 9.65719
78, 55, -8.95498, -0.88876, 44.94859, 44.95855, -0.01, -4.17782E-17, 2.56433E-10, 4.56616E-14, -0.01, 1.77901E-06, 0.56298, 0.96137, 2.22004, 0.56764, 9.77388
79, 54, -9.19649, -0.87832, 45.32524, 45.3352, -0.01, 3.24711E-16, -1.99306E-09, 1.07569E-12, -0.01, -5.39877E-06, 0.56298, 0.9614, 2.22004, 0.56764, 10.22482
80, 53, -9.25899, -0.67352, 45.42085, 45.4308, -0.01, 3.24711E-16, -1.99306E-09, -7.09463E-13, -0.01, 3.55803E-06, 0.56298, 0.96141, 2.22004, 0.68433, 10.34152
81, 55, -8.95498, -0.88876, 44.94859, 44.95855, -0.01, -4.17782E-17, 2.56433E-10, 4.56616E-14, -0.01, 1.77901E-06, 0.56298, 0.96137, 2.22004, 0.56764, 9.77388
82, 53, -9.25899, -0.67352, 45.42085, 45.4308, -0.01, 3.24711E-16, -1.99306E-09, -7.09463E-13, -0.01, 3.55803E-06, 0.56298, 0.96141, 2.22004, 0.68433, 10.34152
83, 52, -8.89248, -0.68936, 44.84925, 44.85921, -0.01, -4.17783E-17, 2.56433E-10, 4.56629E-14, -0.01, 1.77906E-06, 0.56298, 0.96137, 2.22004, 0.68433, 9.65719
84, 59, -9.19649, -0.87832, 45.32524, 45.3352, -0.01, 3.24711E-16, -1.99306E-09, 1.07569E-12, -0.01, -5.39877E-06, 0.56298, 0.9614, 2.22004, 0.56764, 10.22482
85, 58, -9.19649, -1.65927, 45.33245, 45.34241, -0.01, 4.72771E-16, -2.90185E-09, -5.16716E-13, -0.01, 1.77902E-06, 0.56301, 0.9614, 2.22004, 0.1167, 10.22482
86, 57, -9.25899, -1.85867, 45.4318, 45.44175, -0.01, 4.72771E-16, -2.90185E-09, -5.16730E-13, -0.01, 1.77906E-06, 0.56302, 0.96141, 2.22004, 0.00, 10.34152
87, 59, -9.19649, -0.87832, 45.32524, 45.3352, -0.01, 3.24711E-16, -1.99306E-09, 1.07569E-12, -0.01, -5.39877E-06, 0.56298, 0.9614, 2.22004, 0.56764, 10.22482
88, 57, -9.25899, -1.85867, 45.4318, 45.44175, -0.01, 4.72771E-16, -2.90185E-09, -5.16730E-13, -0.01, 1.77906E-06, 0.56302, 0.96141, 2.22004, 0.00, 10.34152
89, 56, -9.25899, -0.67352, 45.42085, 45.4308, -0.01, 3.24711E-16, -1.99306E-09, -7.09463E-13, -0.01, 3.55803E-06, 0.56298, 0.96141, 2.22004, 0.68433, 10.34152
90, 63, -9.19649, -1.65927, 45.33245, 45.34241, -0.01, 4.72771E-16, -2.90185E-09, -5.16716E-13, -0.01, 1.77902E-06, 0.56301, 0.9614, 2.22004, 0.1167, 10.22482
91, 62, -8.95498, -1.6697, 44.95581, 44.96576, -0.01, 1.06281E-16, -6.52348E-10, 1.75984E-13, -0.01, -2.69934E-06, 0.56301, 0.96137, 2.22004, 0.1167, 9.77388
92, 61, -8.89248, -1.87451, 44.8602, 44.87016, -0.01, 1.06281E-16, -6.52349E-10, -1.16163E-13, -0.01, 1.77906E-06, 0.56302, 0.96137, 2.22004, 0.00, 9.65719
93, 63, -9.19649, -1.65927, 45.33245, 45.34241, -0.01, 4.72771E-16, -2.90185E-09, -5.16716E-13, -0.01, 1.77902E-06, 0.56301, 0.9614, 2.22004, 0.1167, 10.22482
94, 61, -8.89248, -1.87451, 44.8602, 44.87016, -0.01, 1.06281E-16, -6.52349E-10, -1.16163E-13, -0.01, 1.77906E-06, 0.56302, 0.96137, 2.22004, 0.00, 9.65719
95, 60, -9.25899, -1.85867, 45.4318, 45.44175, -0.01, 4.72771E-16, -2.90185E-09, -5.16730E-13, -0.01, 1.77906E-06, 0.56302, 0.96141, 2.22004, 0.00, 10.34152
96, 67, -9.16401, -1.65479, 45.49407, 45.50402, 1.34081E-16, -5.04457E-10, 0.01, 0.00004, -0.01, -5.04453E-10, 0.56301, 0.96141, 2.33674, 0.1167, 10.34152
97, 66, -9.16401, -0.87384, 45.48685, 45.49681, 1.34081E-16, 1.25519E-09, 0.01, -0.00004, -0.01, 1.25518E-09, 0.56298, 0.96141, 2.33674, 0.56764, 10.34152
98, 65, -9.25899, -0.67352, 45.42085, 45.4308, 1.34081E-16, 1.25519E-09, 0.01, -0.00004, -0.01, 1.25518E-09, 0.56298, 0.96141, 2.22004, 0.68433, 10.34152
99, 67, -9.16401, -1.65479, 45.49407, 45.50402, 1.34081E-16, -5.04457E-10, 0.01, 0.00004, -0.01, -5.04453E-10, 0.56301, 0.96141, 2.33674, 0.1167, 10.34152
100, 65, -9.25899, -0.67352, 45.42085, 45.4308, 1.34081E-16, 1.25519E-09, 0.01, -0.00004, -0.01, 1.25518E-09, 0.56298, 0.96141, 2.22004, 0.68433, 10.34152
101, 64, -9.25899, -1.85867, 45.4318, 45.44175, 1.34081E-16, -5.04458E-10, 0.01, 0.00003, -0.01, -5.04456E-10, 0.56302, 0.96141, 2.22004, 0.00, 10.34152
102, 71, -9.16401, -0.87384, 45.48685, 45.49681, 1.34081E-16, 1.25519E-09, 0.01, -0.00004, -0.01, 1.25518E-09, 0.56298, 0.96141, 2.33674, 0.56764, 10.34152
103, 70, -8.0778, -0.85351, 46.22039, 46.23035, 0.00, 1.25519E-09, 0.01, -0.00005, -0.01, 1.25517E-09, 0.56298, 0.96144, 3.67135, 0.56764, 10.34152
104, 69, -7.98282, -0.64963, 46.28267, 46.29262, 0.00, 1.25519E-09, 0.01, -0.00008, -0.01, 1.25515E-09, 0.56298, 0.96145, 3.78805, 0.68433, 10.34152
105, 71, -9.16401, -0.87384, 45.48685, 45.49681, 1.34081E-16, 1.25519E-09, 0.01, -0.00004, -0.01, 1.25518E-09, 0.56298, 0.96141, 2.33674, 0.56764, 10.34152
106, 69, -7.98282, -0.64963, 46.28267, 46.29262, 0.00, 1.25519E-09, 0.01, -0.00008, -0.01, 1.25515E-09, 0.56298, 0.96145, 3.78805, 0.68433, 10.34152
107, 68, -9.25899, -0.67352, 45.42085, 45.4308, 1.34081E-16, 1.25519E-09, 0.01, -0.00004, -0.01, 1.25518E-09, 0.56298, 0.96141, 2.22004, 0.68433, 10.34152
108, 75, -8.0778, -0.85351, 46.22039, 46.23035, 0.00, 1.25519E-09, 0.01, -0.00005, -0.01, 1.25517E-09, 0.56298, 0.96144, 3.67135, 0.56764, 10.34152
109, 74, -8.0778, -1.63446, 46.22761, 46.23756, 0.00, -5.04458E-10, 0.01, 0.00003, -0.01, -5.04457E-10, 0.56301, 0.96144, 3.67135, 0.1167, 10.34152
110, 73, -7.98282, -1.83478, 46.29361, 46.30357, 0.00, -5.04458E-10, 0.01, 0.00003, -0.01, -5.04456E-10, 0.56302, 0.96145, 3.78805, 0.00, 10.34152
111, 75, -8.0778, -0.85351, 46.22039, 46.23035, 0.00, 1.25519E-09, 0.01, -0.00005, -0.01, 1.25517E-09, 0.56298, 0.96144, 3.67135, 0.56764, 10.34152
112, 73, -7.98282, -1.83478, 46.29361, 46.30357, 0.00, -5.04458E-10, 0.01, 0.00003, -0.01, -5.04456E-10, 0.56302, 0.96145, 3.78805, 0.00, 10.34152
113, 72, -7.98282, -0.64963, 46.28267, 46.29262, 0.00, 1.25519E-09, 0.01, -0.00008, -0.01, 1.25515E-09, 0.56298, 0.96145, 3.78805, 0.68433, 10.34152
114, 79, -8.0778, -1.63446, 46.22761, 46.23756, 0.00, -5.04458E-10, 0.01, 0.00003, -0.01, -5.04457E-10, 0.56301, 0.96144, 3.67135, 0.1167, 10.34152
115, 78, -9.16401, -1.65479, 45.49407, 45.50402, 1.34081E-16, -5.04457E-10, 0.01, 0.00004, -0.01, -5.04453E-10, 0.56301, 0.96141, 2.33674, 0.1167, 10.34152
116, 77, -9.25899, -1.85867, 45.4318, 45.44175, 1.34081E-16, -5.04458E-10, 0.01, 0.00003, -0.01, -5.04456E-10, 0.56302, 0.96141, 2.22004, 0.00, 10.34152
117, 79, -8.0778, -1.63446, 46.22761, 46.23756, 0.00, -5.04458E-10, 0.01, 0.00003, -0.01, -5.04457E-10, 0.56301, 0.96144, 3.67135, 0.1167, 10.34152
118, 77, -9.25899, -1.85867, 45.4318, 45.44175, 1.34081E-16, -5.04458E-10, 0.01, 0.00003, -0.01, -5.04456E-10, 0.56302, 0.96141, 2.22004, 0.00, 10.34152
119, 76, -7.98282, -1.83478, 46.29361, 46.30357, 0.00, -5.04458E-10, 0.01, 0.00003, -0.01, -5.04456E-10, 0.56302, 0.96145, 3.78805, 0.00, 10.34152
120, 83, -7.92032, -1.63538, 46.19427, 46.20423, 0.01, 1.46542E-17, -8.99471E-11, 2.42948E-14, -0.01, 2.69938E-06, 0.56301, 0.96145, 3.78805, 0.1167, 10.22482
121, 82, -7.92032, -0.85443, 46.18706, 46.19701, 0.01, -4.17712E-17, 2.56390E-10, 4.55638E-14, -0.01, -1.77876E-06, 0.56298, 0.96145, 3.78805, 0.56764, 10.22482
122, 81, -7.98282, -0.64963, 46.28267, 46.29262, 0.01, -4.17713E-17, 2.56390E-10, 4.55625E-14, -0.01, -1.77871E-06, 0.56298, 0.96145, 3.78805, 0.68433, 10.34152
123, 83, -7.92032, -1.63538, 46.19427, 46.20423, 0.01, 1.46542E-17, -8.99471E-11, 2.42948E-14, -0.01, 2.69938E-06, 0.56301, 0.96145, 3.78805, 0.1167, 10.22482
124, 81, -7.98282, -0.64963, 46.28267, 46.29262, 0.01, -4.17713E-17, 2.56390E-10, 4.55625E-14, -0.01, -1.77871E-06, 0.56298, 0.96145, 3.78805, 0.68433, 10.34152
125, 80, -7.98282, -1.83478, 46.29361, 46.30357, 0.01, 1.46542E-17, -8.99471E-11, -1.59843E-14, -0.01, -1.77871E-06, 0.56302, 0.96145, 3.78805, 0.00, 10.34152
126, 87, -7.92032, -0.85443, 46.18706, 46.19701, 0.01, -4.17712E-17, 2.56390E-10, 4.55638E-14, -0.01, -1.77876E-06, 0.56298, 0.96145, 3.78805, 0.56764, 10.22482
127, 86, -7.67882, -0.86487, 45.81041, 45.82037, 0.01, -4.17712E-17, 2.56390E-10, -1.38458E-13, -0.01, 5.39866E-06, 0.56298, 0.96148, 3.78805, 0.56764, 9.77388
128, 85, -7.61632, -0.66547, 45.71107, 45.72102, 0.01, -4.17713E-17, 2.56390E-10, 9.11693E-14, -0.01, -3.55751E-06, 0.56298, 0.96149, 3.78805, 0.68433, 9.65719
129, 87, -7.92032, -0.85443, 46.18706, 46.19701, 0.01, -4.17712E-17, 2.56390E-10, 4.55638E-14, -0.01, -1.77876E-06, 0.56298, 0.96145, 3.78805, 0.56764, 10.22482
130, 85, -7.61632, -0.66547, 45.71107, 45.72102, 0.01, -4.17713E-17, 2.56390E-10, 9.11693E-14, -0.01, -3.55751E-06, 0.56298, 0.96149, 3.78805, 0.68433, 9.65719
131, 84, -7.98282, -0.64963, 46.28267, 46.29262, 0.01, -4.17713E-17, 2.56390E-10, 4.55625E-14, -0.01, -1.77871E-06, 0.56298, 0.96145, 3.78805, 0.68433, 10.34152
132, 91, -7.67882, -0.86487, 45.81041, 45.82037, 0.01, -4.17712E-17, 2.56390E-10, -1.38458E-13, -0.01, 5.39866E-06, 0.56298, 0.96148, 3.78805, 0.56764, 9.77388
133, 90, -7.67882, -1.64582, 45.81763, 45.82758, 0.01, 1.46542E-17, -8.99471E-11, -1.59847E-14, -0.01, -1.77876E-06, 0.56301, 0.96148, 3.78805, 0.1167, 9.77388
134, 89, -7.61632, -1.85062, 45.72202, 45.73197, 0.01, 1.46542E-17, -8.99471E-11, -1.59843E-14, -0.01, -1.77871E-06, 0.56302, 0.96149, 3.78805, 0.00, 9.65719
135, 91, -7.67882, -0.86487, 45.81041, 45.82037, 0.01, -4.17712E-17, 2.56390E-10, -1.38458E-13, -0.01, 5.39866E-06, 0.56298, 0.96148, 3.78805, 0.56764, 9.77388
136, 89, -7.61632, -1.85062, 45.72202, 45.73197, 0.01, 1.46542E-17, -8.99471E-11, -1.59843E-14, -0.01, -1.77871E-06, 0.56302, 0.96149, 3.78805, 0.00, 9.65719
137, 88, -7.61632, -0.66547, 45.71107, 45.72102, 0.01, -4.17713E-17, 2.56390E-10, 9.11693E-14, -0.01, -3.55751E-06, 0.56298, 0.96149, 3.78805, 0.68433, 9.65719
138, 95, -7.67882, -1.64582, 45.81763, 45.82758, 0.01, 1.46542E-17, -8.99471E-11, -1.59847E-14, -0.01, -1.77876E-06, 0.56301, 0.96148, 3.78805, 0.1167, 9.77388
139, 94, -7.92032, -1.63538, 46.19427, 46.20423, 0.01, 1.46542E-17, -8.99471E-11, 2.42948E-14, -0.01, 2.69938E-06, 0.56301, 0.96145, 3.78805, 0.1167, 10.22482
140, 93, -7.98282, -1.83478, 46.29361, 46.30357, 0.01, 1.46542E-17, -8.99471E-11, -1.59843E-14, -0.01, -1.77871E-06, 0.56302, 0.96145, 3.78805, 0.00, 10.34152
141, 95, -7.67882, -1.64582, 45.81763, 45.82758, 0.01, 1.46542E-17, -8.99471E-11, -1.59847E-14, -0.01, -1.77876E-06, 0.56301, 0.96148, 3.78805, 0.1167, 9.77388
142, 93, -7.98282, -1.83478, 46.29361, 46.30357, 0.01, 1.46542E-17, -8.99471E-11, -1.59843E-14, -0.01, -1.77871E-06, 0.56302, 0.96145, 3.78805, 0.00, 10.34152
143, 92, -7.61632, -1.85062, 45.72202, 45.73197, 0.01, 1.46542E-17, -8.99471E-11, -1.59843E-14, -0.01, -1.77871E-06, 0.56302, 0.96149, 3.78805, 0.00, 9.65719
144, 99, -7.7113, -1.6503, 45.65601, 45.66597, 1.34080E-16, -4.11626E-10, -0.01, -0.00004, -0.01, 4.11623E-10, 0.56301, 0.96149, 3.67135, 0.1167, 9.65719
145, 98, -7.7113, -0.86935, 45.6488, 45.65875, 1.34080E-16, -4.11626E-10, -0.01, 0.00004, -0.01, 4.11623E-10, 0.56298, 0.96149, 3.67135, 0.56764, 9.65719
146, 97, -7.61632, -0.66547, 45.71107, 45.72102, 1.34080E-16, -4.11627E-10, -0.01, 0.00004, -0.01, 4.11624E-10, 0.56298, 0.96149, 3.78805, 0.68433, 9.65719
147, 99, -7.7113, -1.6503, 45.65601, 45.66597, 1.34080E-16, -4.11626E-10, -0.01, -0.00004, -0.01, 4.11623E-10, 0.56301, 0.96149, 3.67135, 0.1167, 9.65719
148, 97, -7.61632, -0.66547, 45.71107, 45.72102, 1.34080E-16, -4.11627E-10, -0.01, 0.00004, -0.01, 4.11624E-10, 0.56298, 0.96149, 3.78805, 0.68433, 9.65719
149, 96, -7.61632, -1.85062, 45.72202, 45.73197, 1.34080E-16, -4.11627E-10, -0.01, -0.00003, -0.01, 4.11625E-10, 0.56302, 0.96149, 3.78805, 0.00, 9.65719
150, 103, -7.7113, -0.86935, 45.6488, 45.65875, 1.34080E-16, -4.11626E-10, -0.01, 0.00004, -0.01, 4.11623E-10, 0.56298, 0.96149, 3.67135, 0.56764, 9.65719
151, 102, -8.79751, -0.88968, 44.91526, 44.92521, 0.00, -6.92814E-10, -0.01, 0.00005, -0.01, 6.92804E-10, 0.56298, 0.96152, 2.33674, 0.56764, 9.65719
152, 101, -8.89248, -0.68936, 44.84925, 44.85921, 0.00, -6.92815E-10, -0.01, 0.00008, -0.01, 6.92794E-10, 0.56298, 0.96153, 2.22004, 0.68433, 9.65719
153, 103, -7.7113, -0.86935, 45.6488, 45.65875, 1.34080E-16, -4.11626E-10, -0.01, 0.00004, -0.01, 4.11623E-10, 0.56298, 0.96149, 3.67135, 0.56764, 9.65719
154, 101, -8.89248, -0.68936, 44.84925, 44.85921, 0.00, -6.92815E-10, -0.01, 0.00008, -0.01, 6.92794E-10, 0.56298, 0.96153, 2.22004, 0.68433, 9.65719
155, 100, -7.61632, -0.66547, 45.71107, 45.72102, 1.34080E-16, -4.11627E-10, -0.01, 0.00004, -0.01, 4.11624E-10, 0.56298, 0.96149, 3.78805, 0.68433, 9.65719
156, 107, -8.79751, -0.88968, 44.91526, 44.92521, 0.00, -6.92814E-10, -0.01, 0.00005, -0.01, 6.92804E-10, 0.56298, 0.96152, 2.33674, 0.56764, 9.65719
157, 106, -8.79751, -1.67063, 44.92247, 44.93243, 0.00, -6.92814E-10, -0.01, -0.00003, -0.01, 6.92811E-10, 0.56301, 0.96152, 2.33674, 0.1167, 9.65719
158, 105, -8.89248, -1.87451, 44.8602, 44.87016, 0.00, -6.92815E-10, -0.01, -0.00003, -0.01, 6.92812E-10, 0.56302, 0.96153, 2.22004, 0.00, 9.65719
159, 107, -8.79751, -0.88968, 44.91526, 44.92521, 0.00, -6.92814E-10, -0.01, 0.00005, -0.01, 6.92804E-10, 0.56298, 0.96152, 2.33674, 0.56764, 9.65719
160, 105, -8.89248, -1.87451, 44.8602, 44.87016, 0.00, -6.92815E-10, -0.01, -0.00003, -0.01, 6.92812E-10, 0.56302, 0.96153, 2.22004, 0.00, 9.65719
161, 104, -8.89248, -0.68936, 44.84925, 44.85921, 0.00, -6.92815E-10, -0.01, 0.00008, -0.01, 6.92794E-10, 0.56298, 0.96153, 2.22004, 0.68433, 9.65719
162, 111, -8.79751, -1.67063, 44.92247, 44.93243, 0.00, -6.92814E-10, -0.01, -0.00003, -0.01, 6.92811E-10, 0.56301, 0.96152, 2.33674, 0.1167, 9.65719
163, 110, -7.7113, -1.6503, 45.65601, 45.66597, 1.34080E-16, -4.11626E-10, -0.01, -0.00004, -0.01, 4.11623E-10, 0.56301, 0.96149, 3.67135, 0.1167, 9.65719
164, 109, -7.61632, -1.85062, 45.72202, 45.73197, 1.34080E-16, -4.11627E-10, -0.01, -0.00003, -0.01, 4.11625E-10, 0.56302, 0.96149, 3.78805, 0.00, 9.65719
165, 111, -8.79751, -1.67063, 44.92247, 44.93243, 0.00, -6.92814E-10, -0.01, -0.00003, -0.01, 6.92811E-10, 0.56301, 0.96152, 2.33674, 0.1167, 9.65719
166, 109, -7.61632, -1.85062, 45.72202, 45.73197, 1.34080E-16, -4.11627E-10, -0.01, -0.00003, -0.01, 4.11625E-10, 0.56302, 0.96149, 3.78805, 0.00, 9.65719
167, 108, -8.89248, -1.87451, 44.8602, 44.87016, 0.00, -6.92815E-10, -0.01, -0.00003, -0.01, 6.92812E-10, 0.56302, 0.96153, 2.22004, 0.00, 9.65719
168, 115, -9.10151, -1.85959, 45.39846, 45.40842, -1.71623E-14, -0.01, -2.22045E-15, -0.01, 1.71617E-14, 2.69986E-06, 0.56305, 0.96145, 2.33674, 2.91038E-13, 10.22482
169, 114, -8.0153, -1.83926, 46.132, 46.14195, 1.71623E-14, -0.01, -2.33147E-15, -0.01, -1.71619E-14, -1.77921E-06, 0.56302, 0.96145, 3.67135, 2.91038E-13, 10.22482
170, 113, -7.98282, -1.83478, 46.29361, 46.30357, 1.71623E-14, -0.01, -2.33147E-15, -0.01, -1.71619E-14, -1.77921E-06, 0.56302, 0.96145, 3.78805, 0.00, 10.34152
171, 115, -9.10151, -1.85959, 45.39846, 45.40842, -1.71623E-14, -0.01, -2.22045E-15, -0.01, 1.71617E-14, 2.69986E-06, 0.56305, 0.96145, 2.33674, 2.91038E-13, 10.22482
172, 113, -7.98282, -1.83478, 46.29361, 46.30357, 1.71623E-14, -0.01, -2.33147E-15, -0.01, -1.71619E-14, -1.77921E-06, 0.56302, 0.96145, 3.78805, 0.00, 10.34152
173, 112, -9.25899, -1.85867, 45.4318, 45.44175, -1.71623E-14, -0.01, -2.22045E-15, -0.01, 1.71627E-14, -1.77856E-06, 0.56306, 0.96145, 2.22004, 0.00, 10.34152
174, 119, -8.0153, -1.83926, 46.132, 46.14195, 1.71623E-14, -0.01, -2.33147E-15, -0.01, -1.71619E-14, -1.77921E-06, 0.56302, 0.96145, 3.67135, 2.91038E-13, 10.22482
175, 118, -7.7738, -1.8497, 45.75535, 45.7653, 1.71623E-14, -0.01, 6.99441E-15, -0.01, -1.71586E-14, 5.39772E-06, 0.56302, 0.96148, 3.67135, 0.00, 9.77388
176, 117, -7.61632, -1.85062, 45.72202, 45.73197, 1.71623E-14, -0.01, 7.10543E-15, -0.01, -1.71649E-14, -3.55843E-06, 0.56302, 0.96149, 3.78805, 0.00, 9.65719
177, 119, -8.0153, -1.83926, 46.132, 46.14195, 1.71623E-14, -0.01, -2.33147E-15, -0.01, -1.71619E-14, -1.77921E-06, 0.56302, 0.96145, 3.67135, 2.91038E-13, 10.22482
178, 117, -7.61632, -1.85062, 45.72202, 45.73197, 1.71623E-14, -0.01, 7.10543E-15, -0.01, -1.71649E-14, -3.55843E-06, 0.56302, 0.96149, 3.78805, 0.00, 9.65719
179, 116, -7.98282, -1.83478, 46.29361, 46.30357, 1.71623E-14, -0.01, -2.33147E-15, -0.01, -1.71619E-14, -1.77921E-06, 0.56302, 0.96145, 3.78805, 0.00, 10.34152
180, 123, -7.7738, -1.8497, 45.75535, 45.7653, 1.71623E-14, -0.01, 6.99441E-15, -0.01, -1.71586E-14, 5.39772E-06, 0.56302, 0.96148, 3.67135, 0.00, 9.77388
181, 122, -8.86001, -1.87003, 45.02181, 45.03177, -1.71623E-14, -0.01, 7.32747E-15, -0.01, 1.71610E-14, -1.77856E-06, 0.56305, 0.96148, 2.33674, 0.00, 9.77388
182, 121, -8.89248, -1.87451, 44.8602, 44.87016, -1.71623E-14, -0.01, 7.43850E-15, -0.01, 1.71610E-14, -1.77856E-06, 0.56306, 0.96149, 2.22004, 0.00, 9.65719
183, 123, -7.7738, -1.8497, 45.75535, 45.7653, 1.71623E-14, -0.01, 6.99441E-15, -0.01, -1.71586E-14, 5.39772E-06, 0.56302, 0.96148, 3.67135, 0.00, 9.77388
184, 121, -8.89248, -1.87451, 44.8602, 44.87016, -1.71623E-14, -0.01, 7.43850E-15, -0.01, 1.71610E-14, -1.77856E-06, 0.56306, 0.96149, 2.22004, 0.00, 9.65719
185, 120, -7.61632, -1.85062, 45.72202, 45.73197, 1.71623E-14, -0.01, 7.10543E-15, -0.01, -1.71649E-14, -3.55843E-06, 0.56302, 0.96149, 3.78805, 0.00, 9.65719
186, 127, -8.86001, -1.87003, 45.02181, 45.03177, -1.71623E-14, -0.01, 7.32747E-15, -0.01, 1.71610E-14, -1.77856E-06, 0.56305, 0.96148, 2.33674, 0.00, 9.77388
187, 126, -9.10151, -1.85959, 45.39846, 45.40842, -1.71623E-14, -0.01, -2.22045E-15, -0.01, 1.71617E-14, 2.69986E-06, 0.56305, 0.96145, 2.33674, 2.91038E-13, 10.22482
188, 125, -9.25899, -1.85867, 45.4318, 45.44175, -1.71623E-14, -0.01, -2.22045E-15, -0.01, 1.71627E-14, -1.77856E-06, 0.56306, 0.96145, 2.22004, 0.00, 10.34152
189, 127, -8.86001, -1.87003, 45.02181, 45.03177, -1.71623E-14, -0.01, 7.32747E-15, -0.01, 1.71610E-14, -1.77856E-06, 0.56305, 0.96148, 2.33674, 0.00, 9.77388
190, 125, -9.25899, -1.85867, 45.4318, 45.44175, -1.71623E-14, -0.01, -2.22045E-15, -0.01, 1.71627E-14, -1.77856E-06, 0.56306, 0.96145, 2.22004, 0.00, 10.34152
191, 124, -8.89248, -1.87451, 44.8602, 44.87016, -1.71623E-14, -0.01, 7.43850E-15, -0.01, 1.71610E-14, -1.77856E-06, 0.56306, 0.96149, 2.22004, 0.00, 9.65719
192, 131, -8.0153, -0.65411, 46.12105, 46.131, -4.49899E-09, 0.01, 5.79156E-10, 0.01, 4.49884E-09, 2.69886E-06, 0.56297, 0.96145, 3.67135, 0.68433, 10.22482
193, 130, -9.10151, -0.67444, 45.38751, 45.39747, 4.49900E-09, 0.01, 5.79156E-10, 0.01, -4.49890E-09, -1.77856E-06, 0.56294, 0.96145, 2.33674, 0.68433, 10.22482
194, 129, -9.25899, -0.67352, 45.42085, 45.4308, 4.49900E-09, 0.01, 5.79156E-10, 0.01, -4.49889E-09, -1.77856E-06, 0.56294, 0.96145, 2.22004, 0.68433, 10.34152
195, 131, -8.0153, -0.65411, 46.12105, 46.131, -4.49899E-09, 0.01, 5.79156E-10, 0.01, 4.49884E-09, 2.69886E-06, 0.56297, 0.96145, 3.67135, 0.68433, 10.22482
196, 129, -9.25899, -0.67352, 45.42085, 45.4308, 4.49900E-09, 0.01, 5.79156E-10, 0.01, -4.49889E-09, -1.77856E-06, 0.56294, 0.96145, 2.22004, 0.68433, 10.34152
197, 128, -7.98282, -0.64963, 46.28267, 46.29262, -4.49900E-09, 0.01, 5.79155E-10, 0.01, 4.49910E-09, -1.77921E-06, 0.56298, 0.96145, 3.78805, 0.68433, 10.34152
198, 135, -9.10151, -0.67444, 45.38751, 45.39747, 4.49900E-09, 0.01, 5.79156E-10, 0.01, -4.49890E-09, -1.77856E-06, 0.56294, 0.96145, 2.33674, 0.68433, 10.22482
199, 134, -8.86001, -0.68488, 45.01086, 45.02082, 4.49900E-09, 0.01, 5.79156E-10, 0.01, -4.49931E-09, 5.39972E-06, 0.56294, 0.96148, 2.33674, 0.68433, 9.77388
200, 133, -8.89248, -0.68936, 44.84925, 44.85921, 4.49900E-09, 0.01, 5.79156E-10, 0.01, -4.49879E-09, -3.55712E-06, 0.56294, 0.96149, 2.22004, 0.68433, 9.65719
201, 135, -9.10151, -0.67444, 45.38751, 45.39747, 4.49900E-09, 0.01, 5.79156E-10, 0.01, -4.49890E-09, -1.77856E-06, 0.56294, 0.96145, 2.33674, 0.68433, 10.22482
202, 133, -8.89248, -0.68936, 44.84925, 44.85921, 4.49900E-09, 0.01, 5.79156E-10, 0.01, -4.49879E-09, -3.55712E-06, 0.56294, 0.96149, 2.22004, 0.68433, 9.65719
203, 132, -9.25899, -0.67352, 45.42085, 45.4308, 4.49900E-09, 0.01, 5.79156E-10, 0.01, -4.49889E-09, -1.77856E-06, 0.56294, 0.96145, 2.22004, 0.68433, 10.34152
204, 139, -8.86001, -0.68488, 45.01086, 45.02082, 4.49900E-09, 0.01, 5.79156E-10, 0.01, -4.49931E-09, 5.39972E-06, 0.56294, 0.96148, 2.33674, 0.68433, 9.77388
205, 138, -7.7738, -0.66455, 45.7444, 45.75436, -4.49899E-09, 0.01, 5.79156E-10, 0.01, 4.49910E-09, -1.77921E-06, 0.56297, 0.96148, 3.67135, 0.68433, 9.77388
206, 137, -7.61632, -0.66547, 45.71107, 45.72102, -4.49899E-09, 0.01, 5.79155E-10, 0.01, 4.49910E-09, -1.77921E-06, 0.56298, 0.96149, 3.78805, 0.68433, 9.65719
207, 139, -8.86001, -0.68488, 45.01086, 45.02082, 4.49900E-09, 0.01, 5.79156E-10, 0.01, -4.49931E-09, 5.39972E-06, 0.56294, 0.96148, 2.33674, 0.68433, 9.77388
208, 137, -7.61632, -0.66547, 45.71107, 45.72102, -4.49899E-09, 0.01, 5.79155E-10, 0.01, 4.49910E-09, -1.77921E-06, 0.56298, 0.96149, 3.78805, 0.68433, 9.65719
209, 136, -8.89248, -0.68936, 44.84925, 44.85921, 4.49900E-09, 0.01, 5.79156E-10, 0.01, -4.49879E-09, -3.55712E-06, 0.56294, 0.96149, 2.22004, 0.68433, 9.65719
210, 143, -7.7738, -0.66455, 45.7444, 45.75436, -4.49899E-09, 0.01, 5.79156E-10, 0.01, 4.49910E-09, -1.77921E-06, 0.56297, 0.96148, 3.67135, 0.68433, 9.77388
211, 142, -8.0153, -0.65411, 46.12105, 46.131, -4.49899E-09, 0.01, 5.79156E-10, 0.01, 4.49884E-09, 2.69886E-06, 0.56297, 0.96145, 3.67135, 0.68433, 10.22482
212, 141, -7.98282, -0.64963, 46.28267, 46.29262, -4.49900E-09, 0.01, 5.79155E-10, 0.01, 4.49910E-09, -1.77921E-06, 0.56298, 0.96145, 3.78805, 0.68433, 10.34152
213, 143, -7.7738, -0.66455, 45.7444, 45.75436, -4.49899E-09, 0.01, 5.79156E-10, 0.01, 4.49910E-09, -1.77921E-06, 0.56297, 0.96148, 3.67135, 0.68433, 9.77388
214, 141, -7.98282, -0.64963, 46.28267, 46.29262, -4.49900E-09, 0.01, 5.79155E-10, 0.01, 4.49910E-09, -1.77921E-06, 0.56298, 0.96145, 3.78805, 0.68433, 10.34152
215, 140, -7.61632, -0.66547, 45.71107, 45.72102, -4.49899E-09, 0.01, 5.79155E-10, 0.01, 4.49910E-09, -1.77921E-06, 0.56298, 0.96149, 3.78805, 0.68433, 9.65719
216, 147, -7.92032, -1.63538, 46.19427, 46.20423, 0.00, 0.01, -2.30367E-11, -0.01, 0.00, 0.00, 0.56301, 0.96145, 3.78805, 0.1167, 10.22482
217, 146, -7.67882, -1.64582, 45.81763, 45.82758, 0.00, 0.01, -2.30367E-11, -0.00961, -6.36699E-12, -0.00276, 0.56301, 0.96148, 3.78805, 0.1167, 9.77388
218, 145, -8.95498, -1.6697, 44.95581, 44.96576, 0.00, 0.01, -2.30367E-11, -0.01, 0.00, 0.00, 0.56301, 0.96137, 2.22004, 0.1167, 9.77388
219, 147, -7.92032, -1.63538, 46.19427, 46.20423, 0.00, 0.01, -2.30367E-11, -0.01, 0.00, 0.00, 0.56301, 0.96145, 3.78805, 0.1167, 10.22482
220, 145, -8.95498, -1.6697, 44.95581, 44.96576, 0.00, 0.01, -2.30367E-11, -0.01, 0.00, 0.00, 0.56301, 0.96137, 2.22004, 0.1167, 9.77388
221, 144, -9.19649, -1.65927, 45.33245, 45.34241, 0.00, 0.01, -2.30367E-11, -0.01, 0.00, 0.00, 0.56301, 0.9614, 2.22004, 0.1167, 10.22482
222, 151, -7.67882, -0.86487, 45.81041, 45.82037, 0.00, -0.01, 1.01438E-09, -0.01, 0.00, 0.00, 0.56298, 0.96148, 3.78805, 0.56764, 9.77388
223, 150, -7.92032, -0.85443, 46.18706, 46.19701, 0.00, -0.01, 1.01438E-09, -0.00961, 2.80359E-10, 0.00276, 0.56298, 0.96145, 3.78805, 0.56764, 10.22482
224, 149, -9.19649, -0.87832, 45.32524, 45.3352, 0.00, -0.01, 1.01438E-09, -0.01, 0.00, 0.00, 0.56298, 0.9614, 2.22004, 0.56764, 10.22482
225, 151, -7.67882, -0.86487, 45.81041, 45.82037, 0.00, -0.01, 1.01438E-09, -0.01, 0.00, 0.00, 0.56298, 0.96148, 3.78805, 0.56764, 9.77388
226, 149, -9.19649, -0.87832, 45.32524, 45.3352, 0.00, -0.01, 1.01438E-09, -0.01, 0.00, 0.00, 0.56298, 0.9614, 2.22004, 0.56764, 10.22482
227, 148, -8.95498, -0.88876, 44.94859, 44.95855, 0.00, -0.01, 1.01438E-09, -0.01, 0.00, 0.00, 0.56298, 0.96137, 2.22004, 0.56764, 9.77388
228, 155, -9.10151, -1.85959, 45.39846, 45.40842, 0.00, 3.23976E-10, -0.01, 0.01, 0.00, 0.00, 0.56305, 0.96145, 2.33674, 2.91038E-13, 10.22482
229, 154, -9.10151, -0.67444, 45.38751, 45.39747, 0.00, 3.23976E-10, -0.01, 0.0089, 0.00456, 1.47821E-10, 0.56294, 0.96145, 2.33674, 0.68433, 10.22482
230, 153, -8.0153, -0.65411, 46.12105, 46.131, 0.00, 3.23976E-10, -0.01, 0.01, 0.00, 0.00, 0.56297, 0.96145, 3.67135, 0.68433, 10.22482
231, 155, -9.10151, -1.85959, 45.39846, 45.40842, 0.00, 3.23976E-10, -0.01, 0.01, 0.00, 0.00, 0.56305, 0.96145, 2.33674, 2.91038E-13, 10.22482
232, 153, -8.0153, -0.65411, 46.12105, 46.131, 0.00, 3.23976E-10, -0.01, 0.01, 0.00, 0.00, 0.56297, 0.96145, 3.67135, 0.68433, 10.22482
233, 152, -8.0153, -1.83926, 46.132, 46.14195, 0.00, 3.23976E-10, -0.01, 0.01, 0.00, 0.00, 0.56302, 0.96145, 3.67135, 2.91038E-13, 10.22482
234, 159, -7.7738, -1.8497, 45.75535, 45.7653, 0.00, 2.33269E-12, 0.01, -0.01, 0.00, 0.00, 0.56302, 0.96148, 3.67135, 0.00, 9.77388
235, 158, -7.7738, -0.66455, 45.7444, 45.75436, 0.00, 2.33269E-12, 0.01, -0.0089, 0.00456, -1.06432E-12, 0.56297, 0.96148, 3.67135, 0.68433, 9.77388
236, 157, -8.86001, -0.68488, 45.01086, 45.02082, 0.00, 2.33269E-12, 0.01, -0.01, 0.00, 0.00, 0.56294, 0.96148, 2.33674, 0.68433, 9.77388
237, 159, -7.7738, -1.8497, 45.75535, 45.7653, 0.00, 2.33269E-12, 0.01, -0.01, 0.00, 0.00, 0.56302, 0.96148, 3.67135, 0.00, 9.77388
238, 157, -8.86001, -0.68488, 45.01086, 45.02082, 0.00, 2.33269E-12, 0.01, -0.01, 0.00, 0.00, 0.56294, 0.96148, 2.33674, 0.68433, 9.77388
239, 156, -8.86001, -1.87003, 45.02181, 45.03177, 0.00, 2.33269E-12, 0.01, -0.01, 0.00, 0.00, 0.56305, 0.96148, 2.33674, 0.00, 9.77388
240, 163, -8.86001, -1.87003, 45.02181, 45.03177, 0.01, 0.00, 0.00, 0.00, -0.01, -6.08736E-10, 0.56305, 0.96148, 2.33674, 0.00, 9.77388
241, 162, -8.86001, -0.68488, 45.01086, 45.02082, 0.01, 0.00, 0.00, 0.00, -0.01, -1.04979E-10, 0.56294, 0.96148, 2.33674, 0.68433, 9.77388
242, 161, -9.10151, -0.67444, 45.38751, 45.39747, 0.01, 0.00, 0.00, 0.00, -0.01, -6.08736E-10, 0.56294, 0.96145, 2.33674, 0.68433, 10.22482
243, 163, -8.86001, -1.87003, 45.02181, 45.03177, 0.01, 0.00, 0.00, 0.00, -0.01, -6.08736E-10, 0.56305, 0.96148, 2.33674, 0.00, 9.77388
244, 161, -9.10151, -0.67444, 45.38751, 45.39747, 0.01, 0.00, 0.00, 0.00, -0.01, -6.08736E-10, 0.56294, 0.96145, 2.33674, 0.68433, 10.22482
245, 160, -9.10151, -1.85959, 45.39846, 45.40842, 0.01, 0.00, 0.00, 0.00, -0.01, -6.08736E-10, 0.56305, 0.96145, 2.33674, 2.91038E-13, 10.22482
246, 167, -8.0153, -1.83926, 46.132, 46.14195, -0.01, 0.00, 0.00, 0.00, -0.01, 4.11734E-10, 0.56302, 0.96145, 3.67135, 2.91038E-13, 10.22482
247, 166, -8.0153, -0.65411, 46.12105, 46.131, -0.01, 0.00, 0.00, 0.00, -0.01, -1.04979E-10, 0.56297, 0.96145, 3.67135, 0.68433, 10.22482
248, 165, -7.7738, -0.66455, 45.7444, 45.75436, -0.01, 0.00, 0.00, 0.00, -0.01, 4.11734E-10, 0.56297, 0.96148, 3.67135, 0.68433, 9.77388
249, 167, -8.0153, -1.83926, 46.132, 46.14195, -0.01, 0.00, 0.00, 0.00, -0.01, 4.11734E-10, 0.56302, 0.96145, 3.67135, 2.91038E-13, 10.22482
250, 165, -7.7738, -0.66455, 45.7444, 45.75436, -0.01, 0.00, 0.00, 0.00, -0.01, 4.11734E-10, 0.56297, 0.96148, 3.67135, 0.68433, 9.77388
251, 164, -7.7738, -1.8497, 45.75535, 45.7653, -0.01, 0.00, 0.00, 0.00, -0.01, 4.11734E-10, 0.56302, 0.96148, 3.67135, 0.00, 9.77388
252, 171, -8.14003, -0.85517, 46.1609, 46.17086, 0.0072, 0.00694, -2.44827E-10, -0.00694, 0.0072, -1.36708E-08, 0.56302, 0.96141, 3.58529, 0.56763, 10.32693
253, 170, -8.06998, -1.00854, 46.20963, 46.21959, 0.0072, 0.00694, -2.44827E-10, -0.00694, 0.0072, 1.17319E-09, 0.56298, 0.96141, 3.67135, 0.47831, 10.32693
254, 169, -7.71911, -1.0237, 45.66241, 45.67237, 0.0072, 0.00694, -2.44827E-10, -0.00694, 0.0072, -1.36708E-08, 0.56298, 0.96137, 3.67135, 0.47831, 9.67178
255, 171, -8.14003, -0.85517, 46.1609, 46.17086, 0.0072, 0.00694, -2.44827E-10, -0.00694, 0.0072, -1.36708E-08, 0.56302, 0.96141, 3.58529, 0.56763, 10.32693
256, 169, -7.71911, -1.0237, 45.66241, 45.67237, 0.0072, 0.00694, -2.44827E-10, -0.00694, 0.0072, -1.36708E-08, 0.56298, 0.96137, 3.67135, 0.47831, 9.67178
257, 168, -7.78916, -0.87033, 45.61368, 45.62364, 0.0072, 0.00694, -2.44827E-10, -0.00694, 0.0072, -1.36708E-08, 0.56302, 0.96137, 3.58529, 0.56763, 9.67178
258, 175, -8.23628, -0.85697, 46.0959, 46.10586, 7.64262E-10, -1.62921E-09, 0.01, -0.00694, 0.0072, 1.70349E-09, 0.56302, 0.96145, 3.46703, 0.56763, 10.32693
259, 174, -8.06998, -1.21422, 46.21153, 46.22149, 7.64262E-10, -1.62921E-09, 0.01, -0.00701, 0.00714, 1.69794E-09, 0.56298, 0.96145, 3.67135, 0.35955, 10.32693
260, 173, -8.06998, -1.00854, 46.20963, 46.21959, 7.64262E-10, -1.62921E-09, 0.01, -0.00694, 0.0072, 1.70349E-09, 0.56298, 0.96141, 3.67135, 0.47831, 10.32693
261, 175, -8.23628, -0.85697, 46.0959, 46.10586, 7.64262E-10, -1.62921E-09, 0.01, -0.00694, 0.0072, 1.70349E-09, 0.56302, 0.96145, 3.46703, 0.56763, 10.32693
262, 173, -8.06998, -1.00854, 46.20963, 46.21959, 7.64262E-10, -1.62921E-09, 0.01, -0.00694, 0.0072, 1.70349E-09, 0.56298, 0.96141, 3.67135, 0.47831, 10.32693
263, 172, -8.14003, -0.85517, 46.1609, 46.17086, 7.64262E-10, -1.62921E-09, 0.01, -0.00694, 0.0072, 1.70349E-09, 0.56302, 0.96141, 3.58529, 0.56763, 10.32693
264, 179, -7.88541, -0.87213, 45.54868, 45.55864, -0.00714, -0.00701, 4.18360E-10, -0.00701, 0.00714, -4.15893E-10, 0.56302, 0.96149, 3.46703, 0.56763, 9.67178
265, 178, -7.71911, -1.22938, 45.66431, 45.67427, -0.00714, -0.00701, 4.18360E-10, -0.00701, 0.00714, -7.01296E-09, 0.56298, 0.96149, 3.67135, 0.35955, 9.67178
266, 177, -8.06998, -1.21422, 46.21153, 46.22149, -0.00714, -0.00701, 4.18360E-10, -0.00701, 0.00714, -4.15893E-10, 0.56298, 0.96145, 3.67135, 0.35955, 10.32693
267, 179, -7.88541, -0.87213, 45.54868, 45.55864, -0.00714, -0.00701, 4.18360E-10, -0.00701, 0.00714, -4.15893E-10, 0.56302, 0.96149, 3.46703, 0.56763, 9.67178
268, 177, -8.06998, -1.21422, 46.21153, 46.22149, -0.00714, -0.00701, 4.18360E-10, -0.00701, 0.00714, -4.15893E-10, 0.56298, 0.96145, 3.67135, 0.35955, 10.32693
269, 176, -8.23628, -0.85697, 46.0959, 46.10586, -0.00714, -0.00701, 4.18360E-10, -0.00701, 0.00714, -4.15893E-10, 0.56302, 0.96145, 3.46703, 0.56763, 10.32693
270, 183, -7.78916, -0.87033, 45.61368, 45.62364, 6.34933E-09, -5.85788E-09, -0.01, -0.00701, 0.00714, -8.62827E-09, 0.56302, 0.96153, 3.58529, 0.56763, 9.67178
271, 182, -7.71911, -1.0237, 45.66241, 45.67237, 6.34933E-09, -5.85788E-09, -0.01, -0.00694, 0.0072, -8.62387E-09, 0.56298, 0.96153, 3.67135, 0.47831, 9.67178
272, 181, -7.71911, -1.22938, 45.66431, 45.67427, 6.34933E-09, -5.85788E-09, -0.01, -0.00701, 0.00714, -8.62827E-09, 0.56298, 0.96149, 3.67135, 0.35955, 9.67178
273, 183, -7.78916, -0.87033, 45.61368, 45.62364, 6.34933E-09, -5.85788E-09, -0.01, -0.00701, 0.00714, -8.62827E-09, 0.56302, 0.96153, 3.58529, 0.56763, 9.67178
274, 181, -7.71911, -1.22938, 45.66431, 45.67427, 6.34933E-09, -5.85788E-09, -0.01, -0.00701, 0.00714, -8.62827E-09, 0.56298, 0.96149, 3.67135, 0.35955, 9.67178
275, 180, -7.88541, -0.87213, 45.54868, 45.55864, 6.34933E-09, -5.85788E-09, -0.01, -0.00701, 0.00714, -8.62827E-09, 0.56302, 0.96149, 3.46703, 0.56763, 9.67178
276, 187, -8.06998, -1.47981, 46.21399, 46.22395, 0.00694, -0.0072, -1.17319E-09, 0.0072, 0.00694, -1.31449E-08, 0.56302, 0.96141, 3.67136, 0.20619, 10.32693
277, 186, -8.14557, -1.63622, 46.16438, 46.17433, 0.00694, -0.0072, -1.17319E-09, 0.0072, 0.00694, 1.13046E-09, 0.56298, 0.96141, 3.57848, 0.11669, 10.32693
278, 185, -7.7947, -1.65138, 45.61716, 45.62711, 0.00694, -0.0072, -1.17319E-09, 0.0072, 0.00694, -1.31449E-08, 0.56298, 0.96137, 3.57848, 0.11669, 9.67178
279, 187, -8.06998, -1.47981, 46.21399, 46.22395, 0.00694, -0.0072, -1.17319E-09, 0.0072, 0.00694, -1.31449E-08, 0.56302, 0.96141, 3.67136, 0.20619, 10.32693
280, 185, -7.7947, -1.65138, 45.61716, 45.62711, 0.00694, -0.0072, -1.17319E-09, 0.0072, 0.00694, -1.31449E-08, 0.56298, 0.96137, 3.57848, 0.11669, 9.67178
281, 184, -7.71911, -1.49498, 45.66677, 45.67673, 0.00694, -0.0072, -1.17319E-09, 0.0072, 0.00694, -1.31449E-08, 0.56302, 0.96137, 3.67136, 0.20619, 9.67178
282, 191, -8.06998, -1.26685, 46.21202, 46.22198, -7.08222E-10, 2.32764E-09, 0.01, 0.0072, 0.00694, -1.10510E-09, 0.56302, 0.96145, 3.67136, 0.32916, 10.32693
283, 190, -8.24608, -1.6381, 46.0965, 46.10645, -7.08222E-10, 2.32764E-09, 0.01, 0.00714, 0.00701, -1.12550E-09, 0.56298, 0.96145, 3.45499, 0.11669, 10.32693
284, 189, -8.14557, -1.63622, 46.16438, 46.17433, -7.08222E-10, 2.32764E-09, 0.01, 0.0072, 0.00694, -1.10510E-09, 0.56298, 0.96141, 3.57848, 0.11669, 10.32693
285, 191, -8.06998, -1.26685, 46.21202, 46.22198, -7.08222E-10, 2.32764E-09, 0.01, 0.0072, 0.00694, -1.10510E-09, 0.56302, 0.96145, 3.67136, 0.32916, 10.32693
286, 189, -8.14557, -1.63622, 46.16438, 46.17433, -7.08222E-10, 2.32764E-09, 0.01, 0.0072, 0.00694, -1.10510E-09, 0.56298, 0.96141, 3.57848, 0.11669, 10.32693
287, 188, -8.06998, -1.47981, 46.21399, 46.22395, -7.08222E-10, 2.32764E-09, 0.01, 0.0072, 0.00694, -1.10510E-09, 0.56302, 0.96141, 3.67136, 0.20619, 10.32693
288, 195, -7.71911, -1.28202, 45.6648, 45.67476, -0.00701, 0.00714, 1.91251E-09, 0.00714, 0.00701, 1.14148E-09, 0.56302, 0.96149, 3.67136, 0.32916, 9.67178
289, 194, -7.89521, -1.65326, 45.54928, 45.55923, -0.00701, 0.00714, 1.91251E-09, 0.00714, 0.00701, -4.75521E-09, 0.56298, 0.96149, 3.45499, 0.11669, 9.67178
290, 193, -8.24608, -1.6381, 46.0965, 46.10645, -0.00701, 0.00714, 1.91251E-09, 0.00714, 0.00701, 1.14148E-09, 0.56298, 0.96145, 3.45499, 0.11669, 10.32693
291, 195, -7.71911, -1.28202, 45.6648, 45.67476, -0.00701, 0.00714, 1.91251E-09, 0.00714, 0.00701, 1.14148E-09, 0.56302, 0.96149, 3.67136, 0.32916, 9.67178
292, 193, -8.24608, -1.6381, 46.0965, 46.10645, -0.00701, 0.00714, 1.91251E-09, 0.00714, 0.00701, 1.14148E-09, 0.56298, 0.96145, 3.45499, 0.11669, 10.32693
293, 192, -8.06998, -1.26685, 46.21202, 46.22198, -0.00701, 0.00714, 1.91251E-09, 0.00714, 0.00701, 1.14148E-09, 0.56302, 0.96145, 3.67136, 0.32916, 10.32693
294, 199, -7.71911, -1.49498, 45.66677, 45.67673, -4.15753E-09, -3.31684E-09, -0.01, 0.00714, 0.00701, -5.29038E-09, 0.56302, 0.96153, 3.67136, 0.20619, 9.67178
295, 198, -7.7947, -1.65138, 45.61716, 45.62711, -4.15753E-09, -3.31684E-09, -0.01, 0.0072, 0.00694, -5.29530E-09, 0.56298, 0.96153, 3.57848, 0.11669, 9.67178
296, 197, -7.89521, -1.65326, 45.54928, 45.55923, -4.15753E-09, -3.31684E-09, -0.01, 0.00714, 0.00701, -5.29038E-09, 0.56298, 0.96149, 3.45499, 0.11669, 9.67178
297, 199, -7.71911, -1.49498, 45.66677, 45.67673, -4.15753E-09, -3.31684E-09, -0.01, 0.00714, 0.00701, -5.29038E-09, 0.56302, 0.96153, 3.67136, 0.20619, 9.67178
298, 197, -7.89521, -1.65326, 45.54928, 45.55923, -4.15753E-09, -3.31684E-09, -0.01, 0.00714, 0.00701, -5.29038E-09, 0.56298, 0.96149, 3.45499, 0.11669, 9.67178
299, 196, -7.71911, -1.28202, 45.6648, 45.67476, -4.15753E-09, -3.31684E-09, -0.01, 0.00714, 0.00701, -5.29038E-09, 0.56302, 0.96149, 3.67136, 0.32916, 9.67178
300, 203, -9.15619, -1.02916, 45.4761, 45.48605, -0.00694, 0.0072, 7.32317E-10, -0.0072, -0.00694, -1.54058E-08, 0.56302, 0.96141, 2.33674, 0.47815, 10.32693
301, 202, -9.0806, -0.87275, 45.52571, 45.53567, -0.00694, 0.0072, 7.32317E-10, -0.0072, -0.00694, -1.13046E-09, 0.56298, 0.96141, 2.42962, 0.56764, 10.32693
302, 201, -8.72973, -0.88792, 44.97849, 44.98845, -0.00694, 0.0072, 7.32317E-10, -0.0072, -0.00694, -1.54058E-08, 0.56298, 0.96137, 2.42962, 0.56764, 9.67178
303, 203, -9.15619, -1.02916, 45.4761, 45.48605, -0.00694, 0.0072, 7.32317E-10, -0.0072, -0.00694, -1.54058E-08, 0.56302, 0.96141, 2.33674, 0.47815, 10.32693
304, 201, -8.72973, -0.88792, 44.97849, 44.98845, -0.00694, 0.0072, 7.32317E-10, -0.0072, -0.00694, -1.54058E-08, 0.56298, 0.96137, 2.42962, 0.56764, 9.67178
305, 200, -8.80532, -1.04432, 44.92888, 44.93884, -0.00694, 0.0072, 7.32317E-10, -0.0072, -0.00694, -1.54058E-08, 0.56302, 0.96137, 2.33674, 0.47815, 9.67178
306, 207, -9.15619, -1.24212, 45.47807, 45.48802, -4.07097E-09, 2.32764E-09, 0.01, -0.0072, -0.00694, -1.31641E-09, 0.56302, 0.96145, 2.33674, 0.35518, 10.32693
307, 206, -8.98009, -0.87087, 45.59359, 45.60355, -4.07097E-09, 2.32764E-09, 0.01, -0.00714, -0.00701, -1.27389E-09, 0.56298, 0.96145, 2.55311, 0.56764, 10.32693
308, 205, -9.0806, -0.87275, 45.52571, 45.53567, -4.07097E-09, 2.32764E-09, 0.01, -0.0072, -0.00694, -1.31641E-09, 0.56298, 0.96141, 2.42962, 0.56764, 10.32693
309, 207, -9.15619, -1.24212, 45.47807, 45.48802, -4.07097E-09, 2.32764E-09, 0.01, -0.0072, -0.00694, -1.31641E-09, 0.56302, 0.96145, 2.33674, 0.35518, 10.32693
310, 205, -9.0806, -0.87275, 45.52571, 45.53567, -4.07097E-09, 2.32764E-09, 0.01, -0.0072, -0.00694, -1.31641E-09, 0.56298, 0.96141, 2.42962, 0.56764, 10.32693
311, 204, -9.15619, -1.02916, 45.4761, 45.48605, -4.07097E-09, 2.32764E-09, 0.01, -0.0072, -0.00694, -1.31641E-09, 0.56302, 0.96141, 2.33674, 0.47815, 10.32693
312, 211, -8.80532, -1.25729, 44.93085, 44.9408, 0.00701, -0.00714, 3.37622E-10, -0.00714, -0.00701, -1.14148E-09, 0.56302, 0.96149, 2.33674, 0.35518, 9.67178
313, 210, -8.62922, -0.88604, 45.04637, 45.05633, 0.00701, -0.00714, 3.37622E-10, -0.00714, -0.00701, -6.05539E-09, 0.56298, 0.96149, 2.55311, 0.56764, 9.67178
314, 209, -8.98009, -0.87087, 45.59359, 45.60355, 0.00701, -0.00714, 3.37622E-10, -0.00714, -0.00701, -1.14148E-09, 0.56298, 0.96145, 2.55311, 0.56764, 10.32693
315, 211, -8.80532, -1.25729, 44.93085, 44.9408, 0.00701, -0.00714, 3.37622E-10, -0.00714, -0.00701, -1.14148E-09, 0.56302, 0.96149, 2.33674, 0.35518, 9.67178
316, 209, -8.98009, -0.87087, 45.59359, 45.60355, 0.00701, -0.00714, 3.37622E-10, -0.00714, -0.00701, -1.14148E-09, 0.56298, 0.96145, 2.55311, 0.56764, 10.32693
317, 208, -9.15619, -1.24212, 45.47807, 45.48802, 0.00701, -0.00714, 3.37622E-10, -0.00714, -0.00701, -1.14148E-09, 0.56302, 0.96145, 2.33674, 0.35518, 10.32693
318, 215, -8.80532, -1.04432, 44.92888, 44.93884, 6.54713E-09, 6.57526E-09, -0.01, -0.00714, -0.00701, -9.27836E-09, 0.56302, 0.96153, 2.33674, 0.47815, 9.67178
319, 214, -8.72973, -0.88792, 44.97849, 44.98845, 6.54713E-09, 6.57526E-09, -0.01, -0.0072, -0.00694, -9.27697E-09, 0.56298, 0.96153, 2.42962, 0.56764, 9.67178
320, 213, -8.62922, -0.88604, 45.04637, 45.05633, 6.54713E-09, 6.57526E-09, -0.01, -0.00714, -0.00701, -9.27836E-09, 0.56298, 0.96149, 2.55311, 0.56764, 9.67178
321, 215, -8.80532, -1.04432, 44.92888, 44.93884, 6.54713E-09, 6.57526E-09, -0.01, -0.00714, -0.00701, -9.27836E-09, 0.56302, 0.96153, 2.33674, 0.47815, 9.67178
322, 213, -8.62922, -0.88604, 45.04637, 45.05633, 6.54713E-09, 6.57526E-09, -0.01, -0.00714, -0.00701, -9.27836E-09, 0.56298, 0.96149, 2.55311, 0.56764, 9.67178
323, 212, -8.80532, -1.25729, 44.93085, 44.9408, 6.54713E-09, 6.57526E-09, -0.01, -0.00714, -0.00701, -9.27836E-09, 0.56302, 0.96149, 2.33674, 0.35518, 9.67178
324, 219, -9.08614, -1.6538, 45.52919, 45.53914, -0.0072, -0.00694, -1.58889E-09, 0.00694, -0.0072, -2.34391E-08, 0.56302, 0.96141, 2.42281, 0.1167, 10.32693
325, 218, -9.15619, -1.50043, 45.48045, 45.49041, -0.0072, -0.00694, -1.58889E-09, 0.00694, -0.0072, -1.17319E-09, 0.56298, 0.96141, 2.33674, 0.20602, 10.32693
326, 217, -8.80532, -1.5156, 44.93324, 44.94319, -0.0072, -0.00694, -1.58889E-09, 0.00694, -0.0072, -2.34391E-08, 0.56298, 0.96137, 2.33674, 0.20602, 9.67178
327, 219, -9.08614, -1.6538, 45.52919, 45.53914, -0.0072, -0.00694, -1.58889E-09, 0.00694, -0.0072, -2.34391E-08, 0.56302, 0.96141, 2.42281, 0.1167, 10.32693
328, 217, -8.80532, -1.5156, 44.93324, 44.94319, -0.0072, -0.00694, -1.58889E-09, 0.00694, -0.0072, -2.34391E-08, 0.56298, 0.96137, 2.33674, 0.20602, 9.67178
329, 216, -8.73527, -1.66897, 44.98197, 44.99192, -0.0072, -0.00694, -1.58889E-09, 0.00694, -0.0072, -2.34391E-08, 0.56302, 0.96137, 2.42281, 0.1167, 9.67178
330, 223, -8.98989, -1.652, 45.59418, 45.60414, 7.64262E-10, 2.64912E-09, 0.01, 0.00694, -0.0072, 1.37732E-09, 0.56302, 0.96145, 2.54107, 0.1167, 10.32693
331, 222, -9.15619, -1.29475, 45.47855, 45.48851, 7.64262E-10, 2.64912E-09, 0.01, 0.00701, -0.00714, 1.35473E-09, 0.56298, 0.96145, 2.33674, 0.32479, 10.32693
332, 221, -9.15619, -1.50043, 45.48045, 45.49041, 7.64262E-10, 2.64912E-09, 0.01, 0.00694, -0.0072, 1.37732E-09, 0.56298, 0.96141, 2.33674, 0.20602, 10.32693
333, 223, -8.98989, -1.652, 45.59418, 45.60414, 7.64262E-10, 2.64912E-09, 0.01, 0.00694, -0.0072, 1.37732E-09, 0.56302, 0.96145, 2.54107, 0.1167, 10.32693
334, 221, -9.15619, -1.50043, 45.48045, 45.49041, 7.64262E-10, 2.64912E-09, 0.01, 0.00694, -0.0072, 1.37732E-09, 0.56298, 0.96141, 2.33674, 0.20602, 10.32693
335, 220, -9.08614, -1.6538, 45.52919, 45.53914, 7.64262E-10, 2.64912E-09, 0.01, 0.00694, -0.0072, 1.37732E-09, 0.56302, 0.96141, 2.42281, 0.1167, 10.32693
336, 227, -8.63902, -1.66717, 45.04697, 45.05692, 0.00714, 0.00701, -8.08322E-10, 0.00701, -0.00714, 1.99425E-09, 0.56302, 0.96149, 2.54107, 0.1167, 9.67178
337, 226, -8.80532, -1.30992, 44.93134, 44.94129, 0.00714, 0.00701, -8.08322E-10, 0.00701, -0.00714, -6.27211E-09, 0.56298, 0.96149, 2.33674, 0.32479, 9.67178
338, 225, -9.15619, -1.29475, 45.47855, 45.48851, 0.00714, 0.00701, -8.08322E-10, 0.00701, -0.00714, 1.99425E-09, 0.56298, 0.96145, 2.33674, 0.32479, 10.32693
339, 227, -8.63902, -1.66717, 45.04697, 45.05692, 0.00714, 0.00701, -8.08322E-10, 0.00701, -0.00714, 1.99425E-09, 0.56302, 0.96149, 2.54107, 0.1167, 9.67178
340, 225, -9.15619, -1.29475, 45.47855, 45.48851, 0.00714, 0.00701, -8.08322E-10, 0.00701, -0.00714, 1.99425E-09, 0.56298, 0.96145, 2.33674, 0.32479, 10.32693
341, 224, -8.98989, -1.652, 45.59418, 45.60414, 0.00714, 0.00701, -8.08322E-10, 0.00701, -0.00714, 1.99425E-09, 0.56302, 0.96145, 2.54107, 0.1167, 10.32693
342, 231, -8.73527, -1.66897, 44.98197, 44.99192, -6.86163E-09, 3.76837E-09, -0.01, 0.00701, -0.00714, -7.49632E-09, 0.56302, 0.96153, 2.42281, 0.1167, 9.67178
343, 230, -8.80532, -1.5156, 44.93324, 44.94319, -6.86163E-09, 3.76837E-09, -0.01, 0.00694, -0.0072, -7.47470E-09, 0.56298, 0.96153, 2.33674, 0.20602, 9.67178
344, 229, -8.80532, -1.30992, 44.93134, 44.94129, -6.86163E-09, 3.76837E-09, -0.01, 0.00701, -0.00714, -7.49632E-09, 0.56298, 0.96149, 2.33674, 0.32479, 9.67178
345, 231, -8.73527, -1.66897, 44.98197, 44.99192, -6.86163E-09, 3.76837E-09, -0.01, 0.00701, -0.00714, -7.49632E-09, 0.56302, 0.96153, 2.42281, 0.1167, 9.67178
346, 229, -8.80532, -1.30992, 44.93134, 44.94129, -6.86163E-09, 3.76837E-09, -0.01, 0.00701, -0.00714, -7.49632E-09, 0.56298, 0.96149, 2.33674, 0.32479, 9.67178
347, 228, -8.63902, -1.66717, 45.04697, 45.05692, -6.86163E-09, 3.76837E-09, -0.01, 0.00701, -0.00714, -7.49632E-09, 0.56302, 0.96149, 2.54107, 0.1167, 9.67178
348, 235, -7.73575, -0.86308, 45.87498, 45.88493, -3.89705E-10, 0.00694, -0.0072, -7.42198E-09, 0.0072, 0.00694, 0.56302, 0.96141, 3.77473, 0.56764, 9.85995
349, 234, -7.68966, -1.01976, 45.80452, 45.81448, -3.89705E-10, 0.00694, -0.0072, 4.80544E-09, 0.0072, 0.00694, 0.56298, 0.96141, 3.77473, 0.47832, 9.77388
350, 233, -8.94414, -1.04324, 44.95734, 44.9673, -3.89705E-10, 0.00694, -0.0072, -7.42198E-09, 0.0072, 0.00694, 0.56298, 0.96137, 2.23336, 0.47832, 9.77388
351, 235, -7.73575, -0.86308, 45.87498, 45.88493, -3.89705E-10, 0.00694, -0.0072, -7.42198E-09, 0.0072, 0.00694, 0.56302, 0.96141, 3.77473, 0.56764, 9.85995
352, 233, -8.94414, -1.04324, 44.95734, 44.9673, -3.89705E-10, 0.00694, -0.0072, -7.42198E-09, 0.0072, 0.00694, 0.56298, 0.96137, 2.23336, 0.47832, 9.77388
353, 232, -8.99024, -0.88656, 45.0278, 45.03775, -3.89705E-10, 0.00694, -0.0072, -7.42198E-09, 0.0072, 0.00694, 0.56302, 0.96137, 2.23336, 0.56764, 9.85995
354, 239, -7.79908, -0.86034, 45.97375, 45.98371, 0.01, -2.94572E-09, 8.55666E-09, -3.81603E-09, 0.0072, 0.00694, 0.56302, 0.96145, 3.77473, 0.56764, 9.97821
355, 238, -7.68966, -1.22544, 45.80642, 45.81638, 0.01, -2.94572E-09, 8.55666E-09, -3.89328E-09, 0.00714, 0.00701, 0.56298, 0.96145, 3.77473, 0.35955, 9.77388
356, 237, -7.68966, -1.01976, 45.80452, 45.81448, 0.01, -2.94572E-09, 8.55666E-09, -3.81603E-09, 0.0072, 0.00694, 0.56298, 0.96141, 3.77473, 0.47832, 9.77388
357, 239, -7.79908, -0.86034, 45.97375, 45.98371, 0.01, -2.94572E-09, 8.55666E-09, -3.81603E-09, 0.0072, 0.00694, 0.56302, 0.96145, 3.77473, 0.56764, 9.97821
358, 237, -7.68966, -1.01976, 45.80452, 45.81448, 0.01, -2.94572E-09, 8.55666E-09, -3.81603E-09, 0.0072, 0.00694, 0.56298, 0.96141, 3.77473, 0.47832, 9.77388
359, 236, -7.73575, -0.86308, 45.87498, 45.88493, 0.01, -2.94572E-09, 8.55666E-09, -3.81603E-09, 0.0072, 0.00694, 0.56302, 0.96141, 3.77473, 0.56764, 9.85995
360, 243, -9.05357, -0.88382, 45.12658, 45.13653, -1.65750E-10, -0.00701, 0.00714, -6.31345E-09, 0.00714, 0.00701, 0.56302, 0.96149, 2.23336, 0.56764, 9.97821
361, 242, -8.94414, -1.24892, 44.95924, 44.9692, -1.65750E-10, -0.00701, 0.00714, -1.22631E-08, 0.00714, 0.00701, 0.56298, 0.96149, 2.23336, 0.35955, 9.77388
362, 241, -7.68966, -1.22544, 45.80642, 45.81638, -1.65750E-10, -0.00701, 0.00714, -6.31345E-09, 0.00714, 0.00701, 0.56298, 0.96145, 3.77473, 0.35955, 9.77388
363, 243, -9.05357, -0.88382, 45.12658, 45.13653, -1.65750E-10, -0.00701, 0.00714, -6.31345E-09, 0.00714, 0.00701, 0.56302, 0.96149, 2.23336, 0.56764, 9.97821
364, 241, -7.68966, -1.22544, 45.80642, 45.81638, -1.65750E-10, -0.00701, 0.00714, -6.31345E-09, 0.00714, 0.00701, 0.56298, 0.96145, 3.77473, 0.35955, 9.77388
365, 240, -7.79908, -0.86034, 45.97375, 45.98371, -1.65750E-10, -0.00701, 0.00714, -6.31345E-09, 0.00714, 0.00701, 0.56302, 0.96145, 3.77473, 0.56764, 9.97821
366, 247, -8.99024, -0.88656, 45.0278, 45.03775, -0.01, -1.15920E-08, -8.55667E-09, -1.42662E-08, 0.00714, 0.00701, 0.56302, 0.96153, 2.23336, 0.56764, 9.85995
367, 246, -8.94414, -1.04324, 44.95734, 44.9673, -0.01, -1.15920E-08, -8.55667E-09, -1.42846E-08, 0.0072, 0.00694, 0.56298, 0.96153, 2.23336, 0.47832, 9.77388
368, 245, -8.94414, -1.24892, 44.95924, 44.9692, -0.01, -1.15920E-08, -8.55667E-09, -1.42662E-08, 0.00714, 0.00701, 0.56298, 0.96149, 2.23336, 0.35955, 9.77388
369, 247, -8.99024, -0.88656, 45.0278, 45.03775, -0.01, -1.15920E-08, -8.55667E-09, -1.42662E-08, 0.00714, 0.00701, 0.56302, 0.96153, 2.23336, 0.56764, 9.85995
370, 245, -8.94414, -1.24892, 44.95924, 44.9692, -0.01, -1.15920E-08, -8.55667E-09, -1.42662E-08, 0.00714, 0.00701, 0.56298, 0.96149, 2.23336, 0.35955, 9.77388
371, 244, -9.05357, -0.88382, 45.12658, 45.13653, -0.01, -1.15920E-08, -8.55667E-09, -1.42662E-08, 0.00714, 0.00701, 0.56302, 0.96149, 2.23336, 0.56764, 9.97821
372, 251, -7.68965, -1.49103, 45.80887, 45.81882, 1.45226E-09, -0.0072, -0.00694, -2.14130E-08, 0.00694, -0.0072, 0.56302, 0.96141, 3.77473, 0.20619, 9.77388
373, 250, -7.73939, -1.64387, 45.88788, 45.89783, 1.45226E-09, -0.0072, -0.00694, -1.38641E-08, 0.00694, -0.0072, 0.56298, 0.96141, 3.77473, 0.1167, 9.86676
374, 249, -8.99388, -1.66735, 45.0407, 45.05066, 1.45226E-09, -0.0072, -0.00694, -2.14130E-08, 0.00694, -0.0072, 0.56298, 0.96137, 2.23336, 0.1167, 9.86676
375, 251, -7.68965, -1.49103, 45.80887, 45.81882, 1.45226E-09, -0.0072, -0.00694, -2.14130E-08, 0.00694, -0.0072, 0.56302, 0.96141, 3.77473, 0.20619, 9.77388
376, 249, -8.99388, -1.66735, 45.0407, 45.05066, 1.45226E-09, -0.0072, -0.00694, -2.14130E-08, 0.00694, -0.0072, 0.56298, 0.96137, 2.23336, 0.1167, 9.86676
377, 248, -8.94414, -1.51451, 44.96169, 44.97165, 1.45226E-09, -0.0072, -0.00694, -2.14130E-08, 0.00694, -0.0072, 0.56302, 0.96137, 2.23336, 0.20619, 9.77388
378, 255, -7.68965, -1.27807, 45.8069, 45.81686, 0.01, -2.93995E-09, -1.58274E-08, -9.35729E-09, 0.00694, -0.0072, 0.56302, 0.96145, 3.77473, 0.32916, 9.77388
379, 254, -7.80553, -1.64101, 45.99103, 46.00098, 0.01, -2.93995E-09, -1.58274E-08, -9.23328E-09, 0.00701, -0.00714, 0.56298, 0.96145, 3.77473, 0.1167, 9.99025
380, 253, -7.73939, -1.64387, 45.88788, 45.89783, 0.01, -2.93995E-09, -1.58274E-08, -9.35729E-09, 0.00694, -0.0072, 0.56298, 0.96141, 3.77473, 0.1167, 9.86676
381, 255, -7.68965, -1.27807, 45.8069, 45.81686, 0.01, -2.93995E-09, -1.58274E-08, -9.35729E-09, 0.00694, -0.0072, 0.56302, 0.96145, 3.77473, 0.32916, 9.77388
382, 253, -7.73939, -1.64387, 45.88788, 45.89783, 0.01, -2.93995E-09, -1.58274E-08, -9.35729E-09, 0.00694, -0.0072, 0.56298, 0.96141, 3.77473, 0.1167, 9.86676
383, 252, -7.68965, -1.49103, 45.80887, 45.81882, 0.01, -2.93995E-09, -1.58274E-08, -9.35729E-09, 0.00694, -0.0072, 0.56302, 0.96141, 3.77473, 0.20619, 9.77388
384, 259, -8.94414, -1.30155, 44.95972, 44.96968, -1.59401E-09, 0.00714, 0.00701, 3.03580E-09, 0.00701, -0.00714, 0.56302, 0.96149, 2.23336, 0.32916, 9.77388
385, 258, -9.06002, -1.66449, 45.14385, 45.1538, -1.59401E-09, 0.00714, 0.00701, -5.89669E-09, 0.00701, -0.00714, 0.56298, 0.96149, 2.23336, 0.1167, 9.99025
386, 257, -7.80553, -1.64101, 45.99103, 46.00098, -1.59401E-09, 0.00714, 0.00701, 3.03580E-09, 0.00701, -0.00714, 0.56298, 0.96145, 3.77473, 0.1167, 9.99025
387, 259, -8.94414, -1.30155, 44.95972, 44.96968, -1.59401E-09, 0.00714, 0.00701, 3.03580E-09, 0.00701, -0.00714, 0.56302, 0.96149, 2.23336, 0.32916, 9.77388
388, 257, -7.80553, -1.64101, 45.99103, 46.00098, -1.59401E-09, 0.00714, 0.00701, 3.03580E-09, 0.00701, -0.00714, 0.56298, 0.96145, 3.77473, 0.1167, 9.99025
389, 256, -7.68965, -1.27807, 45.8069, 45.81686, -1.59401E-09, 0.00714, 0.00701, 3.03580E-09, 0.00701, -0.00714, 0.56302, 0.96145, 3.77473, 0.32916, 9.77388
390, 263, -8.94414, -1.51451, 44.96169, 44.97165, -0.01, -5.86380E-09, 3.95684E-09, -6.93168E-09, 0.00701, -0.00714, 0.56302, 0.96153, 2.23336, 0.20619, 9.77388
391, 262, -8.99388, -1.66735, 45.0407, 45.05066, -0.01, -5.86380E-09, 3.95684E-09, -6.91805E-09, 0.00694, -0.0072, 0.56298, 0.96153, 2.23336, 0.1167, 9.86676
392, 261, -9.06002, -1.66449, 45.14385, 45.1538, -0.01, -5.86380E-09, 3.95684E-09, -6.93168E-09, 0.00701, -0.00714, 0.56298, 0.96149, 2.23336, 0.1167, 9.99025
393, 263, -8.94414, -1.51451, 44.96169, 44.97165, -0.01, -5.86380E-09, 3.95684E-09, -6.93168E-09, 0.00701, -0.00714, 0.56302, 0.96153, 2.23336, 0.20619, 9.77388
394, 261, -9.06002, -1.66449, 45.14385, 45.1538, -0.01, -5.86380E-09, 3.95684E-09, -6.93168E-09, 0.00701, -0.00714, 0.56298, 0.96149, 2.23336, 0.1167, 9.99025
395, 260, -8.94414, -1.30155, 44.95972, 44.96968, -0.01, -5.86380E-09, 3.95684E-09, -6.93168E-09, 0.00701, -0.00714, 0.56302, 0.96149, 2.23336, 0.32916, 9.77388
396, 267, -9.13955, -0.8801, 45.26067, 45.27063, -7.20954E-09, 0.00694, 0.0072, 6.68863E-16, 0.0072, -0.00694, 0.56302, 0.96141, 2.23336, 0.56764, 10.13875
397, 266, -9.18564, -1.03279, 45.33399, 45.34394, -7.20954E-09, 0.00694, 0.0072, -4.80544E-09, 0.0072, -0.00694, 0.56298, 0.96141, 2.23336, 0.47832, 10.22482
398, 265, -7.93116, -1.00931, 46.18117, 46.19112, -7.20954E-09, 0.00694, 0.0072, 6.68863E-16, 0.0072, -0.00694, 0.56298, 0.96137, 3.77473, 0.47832, 10.22482
399, 267, -9.13955, -0.8801, 45.26067, 45.27063, -7.20954E-09, 0.00694, 0.0072, 6.68863E-16, 0.0072, -0.00694, 0.56302, 0.96141, 2.23336, 0.56764, 10.13875
400, 265, -7.93116, -1.00931, 46.18117, 46.19112, -7.20954E-09, 0.00694, 0.0072, 6.68863E-16, 0.0072, -0.00694, 0.56298, 0.96137, 3.77473, 0.47832, 10.22482
401, 264, -7.88506, -0.85662, 46.10785, 46.11781, -7.20954E-09, 0.00694, 0.0072, 6.68863E-16, 0.0072, -0.00694, 0.56302, 0.96137, 3.77473, 0.56764, 10.13875
402, 271, -9.07622, -0.88284, 45.1619, 45.17185, -0.01, -1.04901E-08, -8.55667E-09, -1.61662E-09, 0.0072, -0.00694, 0.56302, 0.96145, 2.23336, 0.56764, 10.02049
403, 270, -9.18564, -1.23847, 45.33589, 45.34584, -0.01, -1.04901E-08, -8.55667E-09, -1.48975E-09, 0.00714, -0.00701, 0.56298, 0.96145, 2.23336, 0.35956, 10.22482
404, 269, -9.18564, -1.03279, 45.33399, 45.34394, -0.01, -1.04901E-08, -8.55667E-09, -1.61662E-09, 0.0072, -0.00694, 0.56298, 0.96141, 2.23336, 0.47832, 10.22482
405, 271, -9.07622, -0.88284, 45.1619, 45.17185, -0.01, -1.04901E-08, -8.55667E-09, -1.61662E-09, 0.0072, -0.00694, 0.56302, 0.96145, 2.23336, 0.56764, 10.02049
406, 269, -9.18564, -1.03279, 45.33399, 45.34394, -0.01, -1.04901E-08, -8.55667E-09, -1.61662E-09, 0.0072, -0.00694, 0.56298, 0.96141, 2.23336, 0.47832, 10.22482
407, 268, -9.13955, -0.8801, 45.26067, 45.27063, -0.01, -1.04901E-08, -8.55667E-09, -1.61662E-09, 0.0072, -0.00694, 0.56302, 0.96141, 2.23336, 0.56764, 10.13875
408, 275, -7.82173, -0.85936, 46.00907, 46.01903, 7.29299E-09, -0.00701, -0.00714, -9.47017E-09, 0.00714, -0.00701, 0.56302, 0.96149, 3.77473, 0.56764, 10.02049
409, 274, -7.93116, -1.21499, 46.18307, 46.19302, 7.29299E-09, -0.00701, -0.00714, 2.04385E-09, 0.00714, -0.00701, 0.56298, 0.96149, 3.77473, 0.35956, 10.22482
410, 273, -9.18564, -1.23847, 45.33589, 45.34584, 7.29299E-09, -0.00701, -0.00714, -9.47017E-09, 0.00714, -0.00701, 0.56298, 0.96145, 2.23336, 0.35956, 10.22482
411, 275, -7.82173, -0.85936, 46.00907, 46.01903, 7.29299E-09, -0.00701, -0.00714, -9.47017E-09, 0.00714, -0.00701, 0.56302, 0.96149, 3.77473, 0.56764, 10.02049
412, 273, -9.18564, -1.23847, 45.33589, 45.34584, 7.29299E-09, -0.00701, -0.00714, -9.47017E-09, 0.00714, -0.00701, 0.56298, 0.96145, 2.23336, 0.35956, 10.22482
413, 272, -9.07622, -0.88284, 45.1619, 45.17185, 7.29299E-09, -0.00701, -0.00714, -9.47017E-09, 0.00714, -0.00701, 0.56302, 0.96145, 2.23336, 0.56764, 10.02049
414, 279, -7.88506, -0.85662, 46.10785, 46.11781, 0.01, -3.49669E-09, -4.27833E-09, -5.02603E-10, 0.00714, -0.00701, 0.56302, 0.96153, 3.77473, 0.56764, 10.13875
415, 278, -7.93116, -1.00931, 46.18117, 46.19112, 0.01, -3.49669E-09, -4.27833E-09, -4.50665E-10, 0.0072, -0.00694, 0.56298, 0.96153, 3.77473, 0.47832, 10.22482
416, 277, -7.93116, -1.21499, 46.18307, 46.19302, 0.01, -3.49669E-09, -4.27833E-09, -5.02603E-10, 0.00714, -0.00701, 0.56298, 0.96149, 3.77473, 0.35956, 10.22482
417, 279, -7.88506, -0.85662, 46.10785, 46.11781, 0.01, -3.49669E-09, -4.27833E-09, -5.02603E-10, 0.00714, -0.00701, 0.56302, 0.96153, 3.77473, 0.56764, 10.13875
418, 277, -7.93116, -1.21499, 46.18307, 46.19302, 0.01, -3.49669E-09, -4.27833E-09, -5.02603E-10, 0.00714, -0.00701, 0.56298, 0.96149, 3.77473, 0.35956, 10.22482
419, 276, -7.82173, -0.85936, 46.00907, 46.01903, 0.01, -3.49669E-09, -4.27833E-09, -5.02603E-10, 0.00714, -0.00701, 0.56302, 0.96149, 3.77473, 0.56764, 10.02049
420, 283, -9.18565, -1.50407, 45.33834, 45.3483, 5.62165E-10, -0.0072, 0.00694, 7.13767E-09, 0.00694, 0.0072, 0.56302, 0.96141, 2.23336, 0.2062, 10.22482
421, 282, -9.13591, -1.66121, 45.2622, 45.27216, 5.62165E-10, -0.0072, 0.00694, 4.62136E-09, 0.00694, 0.0072, 0.56298, 0.96141, 2.23336, 0.1167, 10.13195
422, 281, -7.88142, -1.63772, 46.10938, 46.11934, 5.62165E-10, -0.0072, 0.00694, 7.13767E-09, 0.00694, 0.0072, 0.56298, 0.96137, 3.77473, 0.1167, 10.13195
423, 283, -9.18565, -1.50407, 45.33834, 45.3483, 5.62165E-10, -0.0072, 0.00694, 7.13767E-09, 0.00694, 0.0072, 0.56302, 0.96141, 2.23336, 0.2062, 10.22482
424, 281, -7.88142, -1.63772, 46.10938, 46.11934, 5.62165E-10, -0.0072, 0.00694, 7.13767E-09, 0.00694, 0.0072, 0.56298, 0.96137, 3.77473, 0.1167, 10.13195
425, 280, -7.93116, -1.48059, 46.18552, 46.19548, 5.62165E-10, -0.0072, 0.00694, 7.13767E-09, 0.00694, 0.0072, 0.56302, 0.96137, 3.77473, 0.2062, 10.22482
426, 287, -9.18565, -1.2911, 45.33638, 45.34633, -0.01, -4.84628E-10, -7.91368E-09, -6.03489E-09, 0.00694, 0.0072, 0.56302, 0.96145, 2.23336, 0.32917, 10.22482
427, 286, -9.06977, -1.66406, 45.15905, 45.16901, -0.01, -4.84628E-10, -7.91368E-09, -5.98611E-09, 0.00701, 0.00714, 0.56298, 0.96145, 2.23336, 0.1167, 10.00845
428, 285, -9.13591, -1.66121, 45.2622, 45.27216, -0.01, -4.84628E-10, -7.91368E-09, -6.03489E-09, 0.00694, 0.0072, 0.56298, 0.96141, 2.23336, 0.1167, 10.13195
429, 287, -9.18565, -1.2911, 45.33638, 45.34633, -0.01, -4.84628E-10, -7.91368E-09, -6.03489E-09, 0.00694, 0.0072, 0.56302, 0.96145, 2.23336, 0.32917, 10.22482
430, 285, -9.13591, -1.66121, 45.2622, 45.27216, -0.01, -4.84628E-10, -7.91368E-09, -6.03489E-09, 0.00694, 0.0072, 0.56298, 0.96141, 2.23336, 0.1167, 10.13195
431, 284, -9.18565, -1.50407, 45.33834, 45.3483, -0.01, -4.84628E-10, -7.91368E-09, -6.03489E-09, 0.00694, 0.0072, 0.56302, 0.96141, 2.23336, 0.2062, 10.22482
432, 291, -7.93116, -1.26762, 46.18356, 46.19351, -7.97003E-10, 0.00714, -0.00701, -6.07161E-09, 0.00701, 0.00714, 0.56302, 0.96149, 3.77473, 0.32917, 10.22482
433, 290, -7.81528, -1.64058, 46.00623, 46.01618, -7.97003E-10, 0.00714, -0.00701, 1.51222E-16, 0.00701, 0.00714, 0.56298, 0.96149, 3.77473, 0.1167, 10.00845
434, 289, -9.06977, -1.66406, 45.15905, 45.16901, -7.97003E-10, 0.00714, -0.00701, -6.07161E-09, 0.00701, 0.00714, 0.56298, 0.96145, 2.23336, 0.1167, 10.00845
435, 291, -7.93116, -1.26762, 46.18356, 46.19351, -7.97003E-10, 0.00714, -0.00701, -6.07161E-09, 0.00701, 0.00714, 0.56302, 0.96149, 3.77473, 0.32917, 10.22482
436, 289, -9.06977, -1.66406, 45.15905, 45.16901, -7.97003E-10, 0.00714, -0.00701, -6.07161E-09, 0.00701, 0.00714, 0.56298, 0.96145, 2.23336, 0.1167, 10.00845
437, 288, -9.18565, -1.2911, 45.33638, 45.34633, -7.97003E-10, 0.00714, -0.00701, -6.07161E-09, 0.00701, 0.00714, 0.56302, 0.96145, 2.23336, 0.32917, 10.22482
438, 295, -7.93116, -1.48059, 46.18552, 46.19548, 0.01, 1.46997E-09, -1.18705E-08, 7.43991E-09, 0.00701, 0.00714, 0.56302, 0.96153, 3.77473, 0.2062, 10.22482
439, 294, -7.88142, -1.63772, 46.10938, 46.11934, 0.01, 1.46997E-09, -1.18705E-08, 7.52795E-09, 0.00694, 0.0072, 0.56298, 0.96153, 3.77473, 0.1167, 10.13195
440, 293, -7.81528, -1.64058, 46.00623, 46.01618, 0.01, 1.46997E-09, -1.18705E-08, 7.43991E-09, 0.00701, 0.00714, 0.56298, 0.96149, 3.77473, 0.1167, 10.00845
441, 295, -7.93116, -1.48059, 46.18552, 46.19548, 0.01, 1.46997E-09, -1.18705E-08, 7.43991E-09, 0.00701, 0.00714, 0.56302, 0.96153, 3.77473, 0.2062, 10.22482
442, 293, -7.81528, -1.64058, 46.00623, 46.01618, 0.01, 1.46997E-09, -1.18705E-08, 7.43991E-09, 0.00701, 0.00714, 0.56298, 0.96149, 3.77473, 0.1167, 10.00845
443, 292, -7.93116, -1.26762, 46.18356, 46.19351, 0.01, 1.46997E-09, -1.18705E-08, 7.43991E-09, 0.00701, 0.00714, 0.56302, 0.96149, 3.77473, 0.32917, 10.22482
444, 299, -8.65244, -1.6457, 45.82159, 45.83154, -0.01, 9.50040E-10, -7.57523E-10, -9.50040E-10, -0.01, -6.08454E-10, 0.56302, 0.96141, 2.95542, 0.1167, 10.32652
445, 298, -8.65244, -0.86476, 45.81437, 45.82433, -0.01, 9.50040E-10, -7.57523E-10, -9.50040E-10, -0.01, -3.07412E-10, 0.56298, 0.96141, 2.95542, 0.56764, 10.32652
446, 297, -8.30201, -0.8799, 45.26783, 45.27779, -0.01, 9.50040E-10, -7.57523E-10, -9.50040E-10, -0.01, -6.08454E-10, 0.56298, 0.96137, 2.95542, 0.56764, 9.67219
447, 299, -8.65244, -1.6457, 45.82159, 45.83154, -0.01, 9.50040E-10, -7.57523E-10, -9.50040E-10, -0.01, -6.08454E-10, 0.56302, 0.96141, 2.95542, 0.1167, 10.32652
448, 297, -8.30201, -0.8799, 45.26783, 45.27779, -0.01, 9.50040E-10, -7.57523E-10, -9.50040E-10, -0.01, -6.08454E-10, 0.56298, 0.96137, 2.95542, 0.56764, 9.67219
449, 296, -8.30201, -1.66085, 45.27505, 45.285, -0.01, 9.50040E-10, -7.57523E-10, -9.50040E-10, -0.01, -6.08454E-10, 0.56302, 0.96137, 2.95542, 0.1167, 9.67219
450, 303, -8.5733, -1.64422, 45.87503, 45.88499, 0.00, 6.98343E-11, 0.01, -1.01922E-09, -0.01, 6.98344E-11, 0.56302, 0.96145, 3.05267, 0.1167, 10.32652
451, 302, -8.5733, -0.86328, 45.86782, 45.87777, 0.00, 6.98343E-11, 0.01, 0.00, -0.01, 6.98344E-11, 0.56298, 0.96145, 3.05267, 0.56764, 10.32652
452, 301, -8.65244, -0.86476, 45.81437, 45.82433, 0.00, 6.98343E-11, 0.01, -1.01922E-09, -0.01, 6.98344E-11, 0.56298, 0.96141, 2.95542, 0.56764, 10.32652
453, 303, -8.5733, -1.64422, 45.87503, 45.88499, 0.00, 6.98343E-11, 0.01, -1.01922E-09, -0.01, 6.98344E-11, 0.56302, 0.96145, 3.05267, 0.1167, 10.32652
454, 301, -8.65244, -0.86476, 45.81437, 45.82433, 0.00, 6.98343E-11, 0.01, -1.01922E-09, -0.01, 6.98344E-11, 0.56298, 0.96141, 2.95542, 0.56764, 10.32652
455, 300, -8.65244, -1.6457, 45.82159, 45.83154, 0.00, 6.98343E-11, 0.01, -1.01922E-09, -0.01, 6.98344E-11, 0.56302, 0.96141, 2.95542, 0.1167, 10.32652
456, 307, -8.22286, -1.65937, 45.3285, 45.33845, 0.01, -4.54367E-10, 3.15634E-10, -4.54367E-10, -0.01, -6.08454E-10, 0.56302, 0.96149, 3.05267, 0.1167, 9.67219
457, 306, -8.22286, -0.87842, 45.32128, 45.33124, 0.01, -4.54367E-10, 3.15634E-10, -4.54367E-10, -0.01, -3.07412E-10, 0.56298, 0.96149, 3.05267, 0.56764, 9.67219
458, 305, -8.5733, -0.86328, 45.86782, 45.87777, 0.01, -4.54367E-10, 3.15634E-10, -4.54367E-10, -0.01, -6.08454E-10, 0.56298, 0.96145, 3.05267, 0.56764, 10.32652
459, 307, -8.22286, -1.65937, 45.3285, 45.33845, 0.01, -4.54367E-10, 3.15634E-10, -4.54367E-10, -0.01, -6.08454E-10, 0.56302, 0.96149, 3.05267, 0.1167, 9.67219
460, 305, -8.5733, -0.86328, 45.86782, 45.87777, 0.01, -4.54367E-10, 3.15634E-10, -4.54367E-10, -0.01, -6.08454E-10, 0.56298, 0.96145, 3.05267, 0.56764, 10.32652
461, 304, -8.5733, -1.64422, 45.87503, 45.88499, 0.01, -4.54367E-10, 3.15634E-10, -4.54367E-10, -0.01, -6.08454E-10, 0.56302, 0.96145, 3.05267, 0.1167, 10.32652
462, 311, -8.30201, -1.66085, 45.27505, 45.285, 0.00, 2.70964E-10, -0.01, -1.01922E-09, -0.01, -2.70964E-10, 0.56302, 0.96153, 2.95542, 0.1167, 9.67219
463, 310, -8.30201, -0.8799, 45.26783, 45.27779, 0.00, 2.70964E-10, -0.01, -9.08734E-10, -0.01, -2.70964E-10, 0.56298, 0.96153, 2.95542, 0.56764, 9.67219
464, 309, -8.22286, -0.87842, 45.32128, 45.33124, 0.00, 2.70964E-10, -0.01, -1.01922E-09, -0.01, -2.70964E-10, 0.56298, 0.96149, 3.05267, 0.56764, 9.67219
465, 311, -8.30201, -1.66085, 45.27505, 45.285, 0.00, 2.70964E-10, -0.01, -1.01922E-09, -0.01, -2.70964E-10, 0.56302, 0.96153, 2.95542, 0.1167, 9.67219
466, 309, -8.22286, -0.87842, 45.32128, 45.33124, 0.00, 2.70964E-10, -0.01, -1.01922E-09, -0.01, -2.70964E-10, 0.56298, 0.96149, 3.05267, 0.56764, 9.67219
467, 308, -8.22286, -1.65937, 45.3285, 45.33845, 0.00, 2.70964E-10, -0.01, -1.01922E-09, -0.01, -2.70964E-10, 0.56302, 0.96149, 3.05267, 0.1167, 9.67219
468, 315, -8.83766, -0.7097, 45.56607, 45.57602, -0.01, -7.00788E-10, 3.85879E-10, 3.85879E-10, -6.08454E-10, 0.01, 0.56302, 0.96141, 2.66093, 0.66112, 10.22482
469, 314, -8.59616, -0.72014, 45.18942, 45.19938, -0.01, -7.00788E-10, 3.85879E-10, 3.85879E-10, 1.01438E-09, 0.01, 0.56298, 0.96141, 2.66093, 0.66112, 9.77388
470, 313, -8.59616, -1.82488, 45.19963, 45.20958, -0.01, -7.00788E-10, 3.85879E-10, 3.85879E-10, -6.08454E-10, 0.01, 0.56298, 0.96137, 2.66093, 0.02322, 9.77388
471, 315, -8.83766, -0.7097, 45.56607, 45.57602, -0.01, -7.00788E-10, 3.85879E-10, 3.85879E-10, -6.08454E-10, 0.01, 0.56302, 0.96141, 2.66093, 0.66112, 10.22482
472, 313, -8.59616, -1.82488, 45.19963, 45.20958, -0.01, -7.00788E-10, 3.85879E-10, 3.85879E-10, -6.08454E-10, 0.01, 0.56298, 0.96137, 2.66093, 0.02322, 9.77388
473, 312, -8.83766, -1.81444, 45.57627, 45.58623, -0.01, -7.00788E-10, 3.85879E-10, 3.85879E-10, -6.08454E-10, 0.01, 0.56302, 0.96137, 2.66093, 0.02322, 10.22482
474, 319, -8.75851, -0.70822, 45.61952, 45.62947, 6.79617E-09, 0.01, -1.01438E-09, 2.03843E-09, 1.01438E-09, 0.01, 0.56302, 0.96145, 2.75817, 0.66112, 10.22482
475, 318, -8.51701, -0.71866, 45.24287, 45.25282, 6.79617E-09, 0.01, -1.01438E-09, 1.65224E-09, 1.01438E-09, 0.01, 0.56298, 0.96145, 2.75817, 0.66112, 9.77388
476, 317, -8.59616, -0.72014, 45.18942, 45.19938, 6.79617E-09, 0.01, -1.01438E-09, 2.03843E-09, 1.01438E-09, 0.01, 0.56298, 0.96141, 2.66093, 0.66112, 9.77388
477, 319, -8.75851, -0.70822, 45.61952, 45.62947, 6.79617E-09, 0.01, -1.01438E-09, 2.03843E-09, 1.01438E-09, 0.01, 0.56302, 0.96145, 2.75817, 0.66112, 10.22482
478, 317, -8.59616, -0.72014, 45.18942, 45.19938, 6.79617E-09, 0.01, -1.01438E-09, 2.03843E-09, 1.01438E-09, 0.01, 0.56298, 0.96141, 2.66093, 0.66112, 9.77388
479, 316, -8.83766, -0.7097, 45.56607, 45.57602, 6.79617E-09, 0.01, -1.01438E-09, 2.03843E-09, 1.01438E-09, 0.01, 0.56302, 0.96141, 2.66093, 0.66112, 10.22482
480, 323, -8.75851, -1.81296, 45.62972, 45.63968, 0.01, 5.83990E-10, -9.17244E-10, 9.17244E-10, 1.43305E-09, 0.01, 0.56302, 0.96149, 2.75817, 0.02322, 10.22482
481, 322, -8.51701, -1.8234, 45.25307, 45.26303, 0.01, 5.83990E-10, -9.17244E-10, 9.17244E-10, 2.30368E-11, 0.01, 0.56298, 0.96149, 2.75817, 0.02322, 9.77388
482, 321, -8.51701, -0.71866, 45.24287, 45.25282, 0.01, 5.83990E-10, -9.17244E-10, 9.17244E-10, 1.43305E-09, 0.01, 0.56298, 0.96145, 2.75817, 0.66112, 9.77388
483, 323, -8.75851, -1.81296, 45.62972, 45.63968, 0.01, 5.83990E-10, -9.17244E-10, 9.17244E-10, 1.43305E-09, 0.01, 0.56302, 0.96149, 2.75817, 0.02322, 10.22482
484, 321, -8.51701, -0.71866, 45.24287, 45.25282, 0.01, 5.83990E-10, -9.17244E-10, 9.17244E-10, 1.43305E-09, 0.01, 0.56298, 0.96145, 2.75817, 0.66112, 9.77388
485, 320, -8.75851, -0.70822, 45.61952, 45.62947, 0.01, 5.83990E-10, -9.17244E-10, 9.17244E-10, 1.43305E-09, 0.01, 0.56302, 0.96145, 2.75817, 0.66112, 10.22482
486, 327, -8.83766, -1.81444, 45.57627, 45.58623, 0.00, -0.01, 2.30370E-11, 0.00, 2.30370E-11, 0.01, 0.56302, 0.96153, 2.66093, 0.02322, 10.22482
487, 326, -8.59616, -1.82488, 45.19963, 45.20958, 0.00, -0.01, 2.30370E-11, 0.00, 2.30370E-11, 0.01, 0.56298, 0.96153, 2.66093, 0.02322, 9.77388
488, 325, -8.51701, -1.8234, 45.25307, 45.26303, 0.00, -0.01, 2.30370E-11, 0.00, 2.30370E-11, 0.01, 0.56298, 0.96149, 2.75817, 0.02322, 9.77388
489, 327, -8.83766, -1.81444, 45.57627, 45.58623, 0.00, -0.01, 2.30370E-11, 0.00, 2.30370E-11, 0.01, 0.56302, 0.96153, 2.66093, 0.02322, 10.22482
490, 325, -8.51701, -1.8234, 45.25307, 45.26303, 0.00, -0.01, 2.30370E-11, 0.00, 2.30370E-11, 0.01, 0.56298, 0.96149, 2.75817, 0.02322, 9.77388
491, 324, -8.75851, -1.81296, 45.62972, 45.63968, 0.00, -0.01, 2.30370E-11, 0.00, 2.30370E-11, 0.01, 0.56302, 0.96149, 2.75817, 0.02322, 10.22482
492, 331, -8.34232, -0.70043, 45.90058, 45.91054, -0.01, 1.04677E-17, -6.42500E-11, -6.42500E-11, -6.08454E-10, 0.01, 0.56302, 0.96141, 3.26955, 0.66112, 10.22482
493, 330, -8.10082, -0.71087, 45.52393, 45.53389, -0.01, 1.04677E-17, -6.42500E-11, -6.42500E-11, 1.01438E-09, 0.01, 0.56298, 0.96141, 3.26955, 0.66112, 9.77388
494, 329, -8.10082, -1.81561, 45.53414, 45.54409, -0.01, 1.04677E-17, -6.42500E-11, -6.42500E-11, -6.08454E-10, 0.01, 0.56298, 0.96137, 3.26955, 0.02322, 9.77388
495, 331, -8.34232, -0.70043, 45.90058, 45.91054, -0.01, 1.04677E-17, -6.42500E-11, -6.42500E-11, -6.08454E-10, 0.01, 0.56302, 0.96141, 3.26955, 0.66112, 10.22482
496, 329, -8.10082, -1.81561, 45.53414, 45.54409, -0.01, 1.04677E-17, -6.42500E-11, -6.42500E-11, -6.08454E-10, 0.01, 0.56298, 0.96137, 3.26955, 0.02322, 9.77388
497, 328, -8.34232, -1.80517, 45.91079, 45.92074, -0.01, 1.04677E-17, -6.42500E-11, -6.42500E-11, -6.08454E-10, 0.01, 0.56302, 0.96137, 3.26955, 0.02322, 10.22482
498, 335, -8.26317, -0.69895, 45.95403, 45.96399, 0.00, 0.01, -1.01438E-09, 0.00, 1.01438E-09, 0.01, 0.56302, 0.96145, 3.36679, 0.66112, 10.22482
499, 334, -8.02167, -0.70939, 45.57738, 45.58733, 0.00, 0.01, -1.01438E-09, 0.00, 1.01438E-09, 0.01, 0.56298, 0.96145, 3.36679, 0.66112, 9.77388
500, 333, -8.10082, -0.71087, 45.52393, 45.53389, 0.00, 0.01, -1.01438E-09, 0.00, 1.01438E-09, 0.01, 0.56298, 0.96141, 3.26955, 0.66112, 9.77388
501, 335, -8.26317, -0.69895, 45.95403, 45.96399, 0.00, 0.01, -1.01438E-09, 0.00, 1.01438E-09, 0.01, 0.56302, 0.96145, 3.36679, 0.66112, 10.22482
502, 333, -8.10082, -0.71087, 45.52393, 45.53389, 0.00, 0.01, -1.01438E-09, 0.00, 1.01438E-09, 0.01, 0.56298, 0.96141, 3.26955, 0.66112, 9.77388
503, 332, -8.34232, -0.70043, 45.90058, 45.91054, 0.00, 0.01, -1.01438E-09, 0.00, 1.01438E-09, 0.01, 0.56302, 0.96141, 3.26955, 0.66112, 10.22482
504, 339, -8.26317, -1.80369, 45.96424, 45.97419, 0.01, 6.86775E-17, -4.21540E-10, 4.21540E-10, 1.43305E-09, 0.01, 0.56302, 0.96149, 3.36679, 0.02322, 10.22482
505, 338, -8.02167, -1.81413, 45.58759, 45.59754, 0.01, 6.86775E-17, -4.21540E-10, 4.21540E-10, 2.30368E-11, 0.01, 0.56298, 0.96149, 3.36679, 0.02322, 9.77388
506, 337, -8.02167, -0.70939, 45.57738, 45.58733, 0.01, 6.86775E-17, -4.21540E-10, 4.21540E-10, 1.43305E-09, 0.01, 0.56298, 0.96145, 3.36679, 0.66112, 9.77388
507, 339, -8.26317, -1.80369, 45.96424, 45.97419, 0.01, 6.86775E-17, -4.21540E-10, 4.21540E-10, 1.43305E-09, 0.01, 0.56302, 0.96149, 3.36679, 0.02322, 10.22482
508, 337, -8.02167, -0.70939, 45.57738, 45.58733, 0.01, 6.86775E-17, -4.21540E-10, 4.21540E-10, 1.43305E-09, 0.01, 0.56298, 0.96145, 3.36679, 0.66112, 9.77388
509, 336, -8.26317, -0.69895, 45.95403, 45.96399, 0.01, 6.86775E-17, -4.21540E-10, 4.21540E-10, 1.43305E-09, 0.01, 0.56302, 0.96145, 3.36679, 0.66112, 10.22482
510, 343, -8.34232, -1.80517, 45.91079, 45.92074, 0.00, -0.01, 2.30372E-11, 0.00, 2.30372E-11, 0.01, 0.56302, 0.96153, 3.26955, 0.02322, 10.22482
511, 342, -8.10082, -1.81561, 45.53414, 45.54409, 0.00, -0.01, 2.30372E-11, 0.00, 2.30372E-11, 0.01, 0.56298, 0.96153, 3.26955, 0.02322, 9.77388
512, 341, -8.02167, -1.81413, 45.58759, 45.59754, 0.00, -0.01, 2.30372E-11, 0.00, 2.30372E-11, 0.01, 0.56298, 0.96149, 3.36679, 0.02322, 9.77388
513, 343, -8.34232, -1.80517, 45.91079, 45.92074, 0.00, -0.01, 2.30372E-11, 0.00, 2.30372E-11, 0.01, 0.56302, 0.96153, 3.26955, 0.02322, 10.22482
514, 341, -8.02167, -1.81413, 45.58759, 45.59754, 0.00, -0.01, 2.30372E-11, 0.00, 2.30372E-11, 0.01, 0.56298, 0.96149, 3.36679, 0.02322, 9.77388
515, 340, -8.26317, -1.80369, 45.96424, 45.97419, 0.00, -0.01, 2.30372E-11, 0.00, 2.30372E-11, 0.01, 0.56302, 0.96149, 3.36679, 0.02322, 10.22482
516, 347, -8.61938, -1.15764, 45.08161, 45.09157, 0.00, -1.92115E-09, -0.01, 0.00, 0.01, -1.92115E-09, 0.67591, 0.22217, 2.57954, 0.41029, 9.69357
517, 346, -8.61938, -1.03282, 45.08046, 45.09042, 0.00, -1.92115E-09, -0.01, 0.00, 0.01, -1.92115E-09, 0.68001, 0.22217, 2.57954, 0.48236, 9.69357
518, 345, -8.38241, -1.02838, 45.24049, 45.25044, 0.00, -1.92115E-09, -0.01, 0.00, 0.01, -1.92115E-09, 0.68001, 0.22627, 2.8707, 0.48236, 9.69357
519, 347, -8.61938, -1.15764, 45.08161, 45.09157, 0.00, -1.92115E-09, -0.01, 0.00, 0.01, -1.92115E-09, 0.67591, 0.22217, 2.57954, 0.41029, 9.69357
520, 345, -8.38241, -1.02838, 45.24049, 45.25044, 0.00, -1.92115E-09, -0.01, 0.00, 0.01, -1.92115E-09, 0.68001, 0.22627, 2.8707, 0.48236, 9.69357
521, 344, -8.38241, -1.1532, 45.24164, 45.25159, 0.00, -1.92115E-09, -0.01, 0.00, 0.01, -1.92115E-09, 0.67591, 0.22627, 2.8707, 0.41029, 9.69357
522, 351, -8.57885, -1.31392, 45.11044, 45.12039, 0.00, 1.62921E-09, -0.01, 0.00, 0.01, 1.62921E-09, 0.67591, 0.22217, 2.62934, 0.31961, 9.69357
523, 350, -8.57885, -1.1891, 45.10928, 45.11924, 0.00, 1.62921E-09, -0.01, 0.00, 0.01, 1.62921E-09, 0.68001, 0.22217, 2.62934, 0.39168, 9.69357
524, 349, -8.42295, -1.18618, 45.21457, 45.22452, 0.00, 1.62921E-09, -0.01, 0.00, 0.01, 1.62921E-09, 0.68001, 0.22627, 2.82089, 0.39168, 9.69357
525, 351, -8.57885, -1.31392, 45.11044, 45.12039, 0.00, 1.62921E-09, -0.01, 0.00, 0.01, 1.62921E-09, 0.67591, 0.22217, 2.62934, 0.31961, 9.69357
526, 349, -8.42295, -1.18618, 45.21457, 45.22452, 0.00, 1.62921E-09, -0.01, 0.00, 0.01, 1.62921E-09, 0.68001, 0.22627, 2.82089, 0.39168, 9.69357
527, 348, -8.42295, -1.31101, 45.21572, 45.22567, 0.00, 1.62921E-09, -0.01, 0.00, 0.01, 1.62921E-09, 0.67591, 0.22627, 2.82089, 0.31961, 9.69357
528, 355, -8.66323, -1.47374, 45.05491, 45.06487, 0.00, -3.55336E-09, -0.01, 0.00, 0.01, -3.55336E-09, 0.67591, 0.22217, 2.52566, 0.22824, 9.69357
529, 354, -8.66323, -1.34891, 45.05376, 45.06371, 0.00, -3.55336E-09, -0.01, 0.00, 0.01, -3.55336E-09, 0.68001, 0.22217, 2.52566, 0.30032, 9.69357
530, 353, -8.33856, -1.34284, 45.27301, 45.28297, 0.00, -3.55336E-09, -0.01, 0.00, 0.01, -3.55336E-09, 0.68001, 0.22627, 2.92458, 0.30032, 9.69357
531, 355, -8.66323, -1.47374, 45.05491, 45.06487, 0.00, -3.55336E-09, -0.01, 0.00, 0.01, -3.55336E-09, 0.67591, 0.22217, 2.52566, 0.22824, 9.69357
532, 353, -8.33856, -1.34284, 45.27301, 45.28297, 0.00, -3.55336E-09, -0.01, 0.00, 0.01, -3.55336E-09, 0.68001, 0.22627, 2.92458, 0.30032, 9.69357
533, 352, -8.33856, -1.46766, 45.27417, 45.28412, 0.00, -3.55336E-09, -0.01, 0.00, 0.01, -3.55336E-09, 0.67591, 0.22627, 2.92458, 0.22824, 9.69357
534, 359, -8.18881, -1.21972, 45.37304, 45.38299, 0.00, -2.95556E-09, -0.01, 0.00, 0.01, -2.95556E-09, 0.67591, 0.22217, 3.10858, 0.36979, 9.69357
535, 358, -8.18881, -1.06438, 45.3716, 45.38155, 0.00, -2.95556E-09, -0.01, 0.00, 0.01, -2.95556E-09, 0.68001, 0.22217, 3.10858, 0.45948, 9.69357
536, 357, -7.8939, -1.05886, 45.57076, 45.58071, 0.00, -2.95556E-09, -0.01, 0.00, 0.01, -2.95556E-09, 0.68001, 0.22627, 3.47092, 0.45948, 9.69357
537, 359, -8.18881, -1.21972, 45.37304, 45.38299, 0.00, -2.95556E-09, -0.01, 0.00, 0.01, -2.95556E-09, 0.67591, 0.22217, 3.10858, 0.36979, 9.69357
538, 357, -7.8939, -1.05886, 45.57076, 45.58071, 0.00, -2.95556E-09, -0.01, 0.00, 0.01, -2.95556E-09, 0.68001, 0.22627, 3.47092, 0.45948, 9.69357
539, 356, -7.8939, -1.2142, 45.57219, 45.58214, 0.00, -2.95556E-09, -0.01, 0.00, 0.01, -2.95556E-09, 0.67591, 0.22627, 3.47092, 0.36979, 9.69357
540, 363, -8.13836, -1.41422, 45.40891, 45.41886, 0.00, -1.85524E-09, -0.01, 0.00, 0.01, -1.85524E-09, 0.67591, 0.22217, 3.17056, 0.25693, 9.69357
541, 362, -8.13836, -1.25888, 45.40747, 45.41743, 0.00, -1.85524E-09, -0.01, 0.00, 0.01, -1.85524E-09, 0.68001, 0.22217, 3.17056, 0.34663, 9.69357
542, 361, -7.94435, -1.25525, 45.53849, 45.54845, 0.00, -1.85524E-09, -0.01, 0.00, 0.01, -1.85524E-09, 0.68001, 0.22627, 3.40894, 0.34663, 9.69357
543, 363, -8.13836, -1.41422, 45.40891, 45.41886, 0.00, -1.85524E-09, -0.01, 0.00, 0.01, -1.85524E-09, 0.67591, 0.22217, 3.17056, 0.25693, 9.69357
544, 361, -7.94435, -1.25525, 45.53849, 45.54845, 0.00, -1.85524E-09, -0.01, 0.00, 0.01, -1.85524E-09, 0.68001, 0.22627, 3.40894, 0.34663, 9.69357
545, 360, -7.94435, -1.41059, 45.53993, 45.54988, 0.00, -1.85524E-09, -0.01, 0.00, 0.01, -1.85524E-09, 0.67591, 0.22627, 3.40894, 0.25693, 9.69357
546, 367, -8.71118, -1.01417, 45.75324, 45.7632, 0.00, 1.92115E-09, 0.01, 0.00, 0.01, -1.92115E-09, 0.68001, 0.22627, 2.8707, 0.48236, 10.30745
547, 366, -8.94815, -1.0186, 45.59321, 45.60316, 0.00, 1.92115E-09, 0.01, 0.00, 0.01, -1.92115E-09, 0.68001, 0.22217, 2.57954, 0.48236, 10.30745
548, 365, -8.94815, -1.14343, 45.59436, 45.60432, 0.00, 1.92115E-09, 0.01, 0.00, 0.01, -1.92115E-09, 0.67591, 0.22217, 2.57954, 0.41029, 10.30745
549, 367, -8.71118, -1.01417, 45.75324, 45.7632, 0.00, 1.92115E-09, 0.01, 0.00, 0.01, -1.92115E-09, 0.68001, 0.22627, 2.8707, 0.48236, 10.30745
550, 365, -8.94815, -1.14343, 45.59436, 45.60432, 0.00, 1.92115E-09, 0.01, 0.00, 0.01, -1.92115E-09, 0.67591, 0.22217, 2.57954, 0.41029, 10.30745
551, 364, -8.71118, -1.13899, 45.75439, 45.76435, 0.00, 1.92115E-09, 0.01, 0.00, 0.01, -1.92115E-09, 0.67591, 0.22627, 2.8707, 0.41029, 10.30745
552, 371, -8.75172, -1.17197, 45.72732, 45.73727, 0.00, -1.62921E-09, 0.01, 0.00, 0.01, 1.62921E-09, 0.68001, 0.22627, 2.82089, 0.39168, 10.30745
553, 370, -8.90761, -1.17489, 45.62204, 45.63199, 0.00, -1.62921E-09, 0.01, 0.00, 0.01, 1.62921E-09, 0.68001, 0.22217, 2.62934, 0.39168, 10.30745
554, 369, -8.90761, -1.29971, 45.62319, 45.63314, 0.00, -1.62921E-09, 0.01, 0.00, 0.01, 1.62921E-09, 0.67591, 0.22217, 2.62934, 0.31961, 10.30745
555, 371, -8.75172, -1.17197, 45.72732, 45.73727, 0.00, -1.62921E-09, 0.01, 0.00, 0.01, 1.62921E-09, 0.68001, 0.22627, 2.82089, 0.39168, 10.30745
556, 369, -8.90761, -1.29971, 45.62319, 45.63314, 0.00, -1.62921E-09, 0.01, 0.00, 0.01, 1.62921E-09, 0.67591, 0.22217, 2.62934, 0.31961, 10.30745
557, 368, -8.75172, -1.29679, 45.72847, 45.73843, 0.00, -1.62921E-09, 0.01, 0.00, 0.01, 1.62921E-09, 0.67591, 0.22627, 2.82089, 0.31961, 10.30745
558, 375, -8.66733, -1.32863, 45.78577, 45.79572, 0.00, 3.55335E-09, 0.01, 0.00, 0.01, -3.55335E-09, 0.68001, 0.22627, 2.92458, 0.30032, 10.30745
559, 374, -8.992, -1.3347, 45.56651, 45.57647, 0.00, 3.55335E-09, 0.01, 0.00, 0.01, -3.55335E-09, 0.68001, 0.22217, 2.52566, 0.30032, 10.30745
560, 373, -8.992, -1.45953, 45.56767, 45.57762, 0.00, 3.55335E-09, 0.01, 0.00, 0.01, -3.55335E-09, 0.67591, 0.22217, 2.52566, 0.22824, 10.30745
561, 375, -8.66733, -1.32863, 45.78577, 45.79572, 0.00, 3.55335E-09, 0.01, 0.00, 0.01, -3.55335E-09, 0.68001, 0.22627, 2.92458, 0.30032, 10.30745
562, 373, -8.992, -1.45953, 45.56767, 45.57762, 0.00, 3.55335E-09, 0.01, 0.00, 0.01, -3.55335E-09, 0.67591, 0.22217, 2.52566, 0.22824, 10.30745
563, 372, -8.66733, -1.45345, 45.78692, 45.79688, 0.00, 3.55335E-09, 0.01, 0.00, 0.01, -3.55335E-09, 0.67591, 0.22627, 2.92458, 0.22824, 10.30745
564, 379, -8.22267, -1.04465, 46.0835, 46.09346, 0.00, 6.63176E-10, 0.01, 0.00, 0.01, -6.63176E-10, 0.68001, 0.22627, 3.47092, 0.45948, 10.30745
565, 378, -8.51758, -1.05017, 45.88435, 45.89431, 0.00, 6.63176E-10, 0.01, 0.00, 0.01, -6.63176E-10, 0.68001, 0.22217, 3.10858, 0.45948, 10.30745
566, 377, -8.51758, -1.20551, 45.88579, 45.89574, 0.00, 6.63176E-10, 0.01, 0.00, 0.01, -6.63176E-10, 0.67591, 0.22217, 3.10858, 0.36979, 10.30745
567, 379, -8.22267, -1.04465, 46.0835, 46.09346, 0.00, 6.63176E-10, 0.01, 0.00, 0.01, -6.63176E-10, 0.68001, 0.22627, 3.47092, 0.45948, 10.30745
568, 377, -8.51758, -1.20551, 45.88579, 45.89574, 0.00, 6.63176E-10, 0.01, 0.00, 0.01, -6.63176E-10, 0.67591, 0.22217, 3.10858, 0.36979, 10.30745
569, 376, -8.22267, -1.19999, 46.08494, 46.09489, 0.00, 6.63176E-10, 0.01, 0.00, 0.01, -6.63176E-10, 0.67591, 0.22627, 3.47092, 0.36979, 10.30745
570, 383, -8.27312, -1.24104, 46.05125, 46.0612, 0.00, 1.85524E-09, 0.01, 0.00, 0.01, -1.85524E-09, 0.68001, 0.22627, 3.40894, 0.34663, 10.30745
571, 382, -8.46713, -1.24467, 45.92022, 45.93018, 0.00, 1.85524E-09, 0.01, 0.00, 0.01, -1.85524E-09, 0.68001, 0.22217, 3.17056, 0.34663, 10.30745
572, 381, -8.46713, -1.40001, 45.92166, 45.93161, 0.00, 1.85524E-09, 0.01, 0.00, 0.01, -1.85524E-09, 0.67591, 0.22217, 3.17056, 0.25693, 10.30745
573, 383, -8.27312, -1.24104, 46.05125, 46.0612, 0.00, 1.85524E-09, 0.01, 0.00, 0.01, -1.85524E-09, 0.68001, 0.22627, 3.40894, 0.34663, 10.30745
574, 381, -8.46713, -1.40001, 45.92166, 45.93161, 0.00, 1.85524E-09, 0.01, 0.00, 0.01, -1.85524E-09, 0.67591, 0.22217, 3.17056, 0.25693, 10.30745
575, 380, -8.27312, -1.39638, 46.05268, 46.06263, 0.00, 1.85524E-09, 0.01, 0.00, 0.01, -1.85524E-09, 0.67591, 0.22627, 3.40894, 0.25693, 10.30745
576, 386, -8.38613, -0.75528, 45.48638, 45.49634, -7.08546E-08, 0.01, 2.39498E-08, 0.00504, 1.50060E-08, 0.00864, 0.86611, 0.07318, 3.00404, 0.63609, 9.90316
577, 385, -8.43331, -0.75039, 45.66281, 45.67276, 3.08864E-08, 0.01, 4.44724E-08, 0.00692, -5.34727E-08, 0.00721, 0.86649, 0.0729, 3.06059, 0.63609, 10.07718
578, 384, -8.26424, -0.75492, 45.49965, 45.5096, 7.33967E-08, 0.01, -8.08624E-08, 0.00504, 3.28764E-08, 0.00864, 0.86734, 0.07407, 3.11585, 0.63608, 9.84546
579, 389, -8.52535, -0.75211, 45.60065, 45.61061, 0.00, 0.01, -8.35338E-07, 0.00988, 1.26435E-07, 0.00151, 0.86564, 0.07173, 2.9475, 0.63609, 10.07718
580, 388, -8.43331, -0.75039, 45.66281, 45.67276, 3.08864E-08, 0.01, 4.44724E-08, 0.00944, -4.38414E-08, 0.0033, 0.86549, 0.07218, 3.06059, 0.63609, 10.07718
581, 387, -8.61637, -0.75445, 45.5164, 45.52635, -1.05928E-07, 0.01, 4.72378E-08, 0.00988, 9.75574E-08, 0.00151, 0.86412, 0.07173, 2.82314, 0.63608, 10.05813
582, 392, -8.52535, -0.75211, 45.60065, 45.61061, 0.00, 0.01, -8.35338E-07, 0.01, 0.00, 0.00, 0.86564, 0.07173, 2.9475, 0.63609, 10.07718
583, 391, -8.53952, -0.74865, 45.72561, 45.73557, 0.00, 0.01, 2.03150E-07, 0.01, 0.00, 0.00, 0.86611, 0.07028, 3.00404, 0.63608, 10.18957
584, 390, -8.43331, -0.75039, 45.66281, 45.67276, 3.08864E-08, 0.01, 4.44724E-08, 0.00976, -2.04400E-08, -0.00218, 0.86611, 0.07173, 3.06059, 0.63609, 10.07718
585, 395, -8.38613, -0.75528, 45.48638, 45.49634, -7.08546E-08, 0.01, 2.39498E-08, -0.00139, 1.38353E-08, -0.0099, 0.86611, 0.07318, 3.00404, 0.63609, 9.90316
586, 394, -8.44623, -0.75832, 45.37674, 45.3867, -5.06081E-08, 0.01, -6.40322E-08, -0.00139, -7.04637E-08, -0.0099, 0.86488, 0.07407, 2.89224, 0.63608, 9.84546
587, 393, -8.43331, -0.75039, 45.66281, 45.67276, 3.08864E-08, 0.01, 4.44724E-08, -0.00139, 4.83449E-08, -0.0099, 0.86573, 0.0729, 3.06059, 0.63609, 10.07718
588, 398, -8.34727, -0.75235, 45.59219, 45.60214, -8.55698E-07, 0.01, -2.56566E-07, 0.00783, 5.10323E-07, -0.00622, 0.86687, 0.07263, 3.09553, 0.63609, 9.96963
589, 397, -8.43331, -0.75039, 45.66281, 45.67276, 3.08864E-08, 0.01, 4.44724E-08, 0.00976, -2.04400E-08, -0.00218, 0.86673, 0.07218, 3.06059, 0.63609, 10.07718
590, 396, -8.3219, -0.74894, 45.71526, 45.72521, 1.99308E-07, 0.01, 6.55415E-08, 0.00783, -1.15266E-07, -0.00622, 0.8681, 0.07173, 3.18495, 0.63608, 10.05813
591, 401, -8.34727, -0.75235, 45.59219, 45.60214, -8.55698E-07, 0.01, -2.56566E-07, 0.00284, -3.31853E-09, -0.00959, 0.86687, 0.07263, 3.09553, 0.63609, 9.96963
592, 400, -8.26424, -0.75492, 45.49965, 45.5096, 7.33967E-08, 0.01, -8.08624E-08, 0.00284, -9.83596E-08, -0.00959, 0.86734, 0.07407, 3.11585, 0.63608, 9.84546
593, 399, -8.43331, -0.75039, 45.66281, 45.67276, 3.08864E-08, 0.01, 4.44724E-08, 0.00284, 3.38853E-08, -0.00959, 0.86649, 0.0729, 3.06059, 0.63609, 10.07718
594, 404, -8.49619, -0.75513, 45.49162, 45.50157, 4.16309E-08, 0.01, -5.68071E-08, 0.00757, 5.64060E-09, 0.00654, 0.86535, 0.07263, 2.91256, 0.63609, 9.96963
595, 403, -8.43331, -0.75039, 45.66281, 45.67276, 3.08864E-08, 0.01, 4.44724E-08, 0.00944, -4.38414E-08, 0.0033, 0.86573, 0.0729, 3.06059, 0.63609, 10.07718
596, 402, -8.44623, -0.75832, 45.37674, 45.3867, -5.06081E-08, 0.01, -6.40322E-08, 0.00757, 8.01579E-08, 0.00654, 0.86488, 0.07407, 2.89224, 0.63608, 9.84546
597, 407, -8.49619, -0.75513, 45.49162, 45.50157, 4.16309E-08, 0.01, -5.68071E-08, 0.0095, -2.18283E-08, 0.00312, 0.86535, 0.07263, 2.91256, 0.63609, 9.96963
598, 406, -8.61637, -0.75445, 45.5164, 45.52635, -1.05928E-07, 0.01, 4.72378E-08, 0.0095, 8.59010E-08, 0.00312, 0.86412, 0.07173, 2.82314, 0.63608, 10.05813
599, 405, -8.43331, -0.75039, 45.66281, 45.67276, 3.08864E-08, 0.01, 4.44724E-08, 0.00692, -5.34727E-08, 0.00721, 0.86549, 0.07218, 3.06059, 0.63609, 10.07718
